,train_loss,val_loss,recall,precision,accuracy,f1_score,val_recall,val_precision,val_accuracy,val_f1_score
0,2.146650860544111,1.7957090479987008,0.448559670781893,0.448559670781893,0.8997381219603442,0.44855967078189307,0.84472049689441,0.84472049689441,0.9717673630717109,0.84472049689441
1,1.8449103197113412,1.7126733972912742,0.742798353909465,0.742798353909465,0.9532360643471754,0.742798353909465,0.8695652173913043,0.8695652173913043,0.9762845849802372,0.8695652173913043
2,1.756083233434646,1.658270733697074,0.8137860082304527,0.8137860082304527,0.966142910587355,0.8137860082304527,0.8944099378881988,0.8944099378881988,0.9808018068887634,0.8944099378881988
3,1.691749484812627,1.5808516570499964,0.8878600823045267,0.8878600823045267,0.9796109240553685,0.8878600823045267,0.9813664596273292,0.9813664596273292,0.9966120835686053,0.9813664596273292
4,1.6404383456120726,1.5714003926231748,0.9290123456790124,0.9290123456790124,0.9870931537598204,0.9290123456790124,0.9937888198757764,0.9937888198757764,0.9988706945228685,0.9937888198757764
5,1.60146130206155,1.5696772166660853,0.9691358024691358,0.9691358024691358,0.9943883277216611,0.9691358024691359,0.9813664596273292,0.9813664596273292,0.9966120835686053,0.9813664596273292
6,1.5979175694653245,1.6031127543676467,0.9681069958847737,0.9681069958847737,0.9942012719790497,0.9681069958847737,0.9565217391304348,0.9565217391304348,0.9920948616600791,0.9565217391304348
7,1.5859821683070698,1.5616615670067924,0.970164609053498,0.970164609053498,0.9945753834642723,0.970164609053498,0.9937888198757764,0.9937888198757764,0.9988706945228685,0.9937888198757764
8,1.5801291583014316,1.5657634053911482,0.9742798353909465,0.9742798353909465,0.9953236064347175,0.9742798353909465,1.0,1.0,1.0,1.0
9,1.5732891989535973,1.5608258928571428,0.9825102880658436,0.9825102880658436,0.9968200523756079,0.9825102880658436,0.9937888198757764,0.9937888198757764,0.9988706945228685,0.9937888198757764
10,1.5713864818948213,1.571067798705328,0.9845679012345679,0.9845679012345679,0.9971941638608305,0.9845679012345679,0.9751552795031055,0.9751552795031055,0.9954827780914738,0.9751552795031055
11,1.5702560202020113,1.5696905510766166,0.9825102880658436,0.9825102880658436,0.9968200523756079,0.9825102880658436,0.9751552795031055,0.9751552795031055,0.9954827780914738,0.9751552795031055
12,1.5713189635120455,1.5590478352137975,0.9794238683127572,0.9794238683127572,0.996258885147774,0.9794238683127572,0.9875776397515528,0.9875776397515528,0.9977413890457368,0.9875776397515528
13,1.5652137369406027,1.5686515683219546,0.9845679012345679,0.9845679012345679,0.9971941638608305,0.9845679012345679,1.0,1.0,1.0,1.0
14,1.5761792180968113,1.62043791725522,0.9794238683127572,0.9794238683127572,0.996258885147774,0.9794238683127572,0.9316770186335404,0.9316770186335404,0.9875776397515528,0.9316770186335404
15,1.5733326712592703,1.5630227895010085,0.9825102880658436,0.9825102880658436,0.9968200523756079,0.9825102880658436,0.9813664596273292,0.9813664596273292,0.9966120835686053,0.9813664596273292
16,1.5636848191745947,1.565110172544207,0.9886831275720165,0.9886831275720165,0.9979423868312757,0.9886831275720165,0.9813664596273292,0.9813664596273292,0.9966120835686053,0.9813664596273292
17,1.5656483183141614,1.5619597151165916,0.9845679012345679,0.9845679012345679,0.9971941638608305,0.9845679012345679,0.9813664596273292,0.9813664596273292,0.9966120835686053,0.9813664596273292
18,1.5590465684406092,1.5711123886562528,0.9948559670781894,0.9948559670781894,0.9990647212869435,0.9948559670781894,0.968944099378882,0.968944099378882,0.9943534726143421,0.968944099378882
19,1.5568928122520447,1.5587964398520333,0.9907407407407407,0.9907407407407407,0.9983164983164983,0.9907407407407407,0.9875776397515528,0.9875776397515528,0.9977413890457368,0.9875776397515528
20,1.5575975111273468,1.571519516763233,0.9938271604938271,0.9938271604938271,0.9988776655443322,0.9938271604938271,0.9751552795031055,0.9751552795031055,0.9954827780914738,0.9751552795031055
21,1.5564795566386864,1.5674920536222912,0.9917695473251029,0.9917695473251029,0.9985035540591096,0.9917695473251029,0.9751552795031055,0.9751552795031055,0.9954827780914738,0.9751552795031055
22,1.557221064802076,1.5579782667614164,0.9907407407407407,0.9907407407407407,0.9983164983164983,0.9907407407407407,0.9875776397515528,0.9875776397515528,0.9977413890457368,0.9875776397515528
23,1.5567344642076335,1.5686641477403187,0.9907407407407407,0.9907407407407407,0.9983164983164983,0.9907407407407407,0.9751552795031055,0.9751552795031055,0.9954827780914738,0.9751552795031055
24,1.5576630117463284,1.552931927499317,0.992798353909465,0.992798353909465,0.9986906098017209,0.992798353909465,0.9937888198757764,0.9937888198757764,0.9988706945228685,0.9937888198757764
25,1.5593566327798563,1.564300190834772,0.9886831275720165,0.9886831275720165,0.9979423868312757,0.9886831275720165,0.9813664596273292,0.9813664596273292,0.9966120835686053,0.9813664596273292
26,1.5637639712114804,1.5492439837682814,0.9835390946502057,0.9835390946502057,0.9970071081182192,0.9835390946502057,0.9937888198757764,0.9937888198757764,0.9988706945228685,0.9937888198757764
27,1.5603898069897637,1.5552860895792644,0.9886831275720165,0.9886831275720165,0.9979423868312757,0.9886831275720165,0.9937888198757764,0.9937888198757764,0.9988706945228685,0.9937888198757764
28,1.5542484091930702,1.5539703936803908,0.9948559670781894,0.9948559670781894,0.9990647212869435,0.9948559670781894,0.9875776397515528,0.9875776397515528,0.9977413890457368,0.9875776397515528
29,1.5509969386898104,1.551230754171099,0.9958847736625515,0.9958847736625515,0.9992517770295548,0.9958847736625515,0.9937888198757764,0.9937888198757764,0.9988706945228685,0.9937888198757764
30,1.5579864881077752,1.5597084760665894,0.9886831275720165,0.9886831275720165,0.9979423868312757,0.9886831275720165,0.9875776397515528,0.9875776397515528,0.9977413890457368,0.9875776397515528
31,1.5535526070438448,1.556305618513198,0.9948559670781894,0.9948559670781894,0.9990647212869435,0.9948559670781894,0.9875776397515528,0.9875776397515528,0.9977413890457368,0.9875776397515528
32,1.548657268774314,1.548881729443868,0.9969135802469136,0.9969135802469136,0.999438832772166,0.9969135802469136,1.0,1.0,1.0,1.0
33,1.553930773109686,1.56669663247608,0.9917695473251029,0.9917695473251029,0.9985035540591096,0.9917695473251029,0.9751552795031055,0.9751552795031055,0.9954827780914738,0.9751552795031055
34,1.5535401604214654,1.5644006104696364,0.9948559670781894,0.9948559670781894,0.9990647212869435,0.9948559670781894,0.9813664596273292,0.9813664596273292,0.9966120835686053,0.9813664596273292
35,1.5535479432246724,1.5593943709418887,0.9938271604938271,0.9938271604938271,0.9988776655443322,0.9938271604938271,0.9875776397515528,0.9875776397515528,0.9977413890457368,0.9875776397515528
36,1.556296444330059,1.5666599103382655,0.9917695473251029,0.9917695473251029,0.9985035540591096,0.9917695473251029,0.9751552795031055,0.9751552795031055,0.9954827780914738,0.9751552795031055
37,1.562871666228185,1.5601152465457009,0.9866255144032922,0.9866255144032922,0.9975682753460531,0.9866255144032922,0.9875776397515528,0.9875776397515528,0.9977413890457368,0.9875776397515528
38,1.5586913413688785,1.575654563449678,0.9907407407407407,0.9907407407407407,0.9983164983164983,0.9907407407407407,0.9751552795031055,0.9751552795031055,0.9954827780914738,0.9751552795031055
39,1.5542426656504147,1.5736460118066697,0.992798353909465,0.992798353909465,0.9986906098017209,0.992798353909465,0.968944099378882,0.968944099378882,0.9943534726143421,0.968944099378882
40,1.5549117258337677,1.5523736306599207,0.9907407407407407,0.9907407407407407,0.9983164983164983,0.9907407407407407,0.9937888198757764,0.9937888198757764,0.9988706945228685,0.9937888198757764
41,1.5526998902930589,1.5561758506865728,0.9938271604938271,0.9938271604938271,0.9988776655443322,0.9938271604938271,0.9875776397515528,0.9875776397515528,0.9977413890457368,0.9875776397515528
42,1.5585335932794164,1.5669200079781669,0.9897119341563786,0.9897119341563786,0.998129442573887,0.9897119341563786,0.9813664596273292,0.9813664596273292,0.9966120835686053,0.9813664596273292
43,1.5564608925678691,1.5621486334573655,0.9907407407407407,0.9907407407407407,0.9983164983164983,0.9907407407407407,0.9751552795031055,0.9751552795031055,0.9954827780914738,0.9751552795031055
44,1.5552501698009302,1.554632544517517,0.992798353909465,0.992798353909465,0.9986906098017209,0.992798353909465,0.9937888198757764,0.9937888198757764,0.9988706945228685,0.9937888198757764
45,1.557217773843984,1.563503901163737,0.9907407407407407,0.9907407407407407,0.9983164983164983,0.9907407407407407,0.9813664596273292,0.9813664596273292,0.9966120835686053,0.9813664596273292
46,1.5545435401259875,1.5633968852815174,0.9897119341563786,0.9897119341563786,0.998129442573887,0.9897119341563786,0.9813664596273292,0.9813664596273292,0.9966120835686053,0.9813664596273292
47,1.5553169924704755,1.557557259287153,0.9897119341563786,0.9897119341563786,0.998129442573887,0.9897119341563786,0.9875776397515528,0.9875776397515528,0.9977413890457368,0.9875776397515528
48,1.5535989560064722,1.569276667776562,0.9917695473251029,0.9917695473251029,0.9985035540591096,0.9917695473251029,0.9813664596273292,0.9813664596273292,0.9966120835686053,0.9813664596273292
49,1.5518443672383417,1.5569772606804257,0.9938271604938271,0.9938271604938271,0.9988776655443322,0.9938271604938271,0.9875776397515528,0.9875776397515528,0.9977413890457368,0.9875776397515528
50,1.5539029787798397,1.5604835464840843,0.9917695473251029,0.9917695473251029,0.9985035540591096,0.9917695473251029,0.9937888198757764,0.9937888198757764,0.9988706945228685,0.9937888198757764
51,1.550725305666689,1.5583272547948928,0.9948559670781894,0.9948559670781894,0.9990647212869435,0.9948559670781894,0.9875776397515528,0.9875776397515528,0.9977413890457368,0.9875776397515528
52,1.553490072000222,1.5576960472833543,0.992798353909465,0.992798353909465,0.9986906098017209,0.992798353909465,0.9875776397515528,0.9875776397515528,0.9977413890457368,0.9875776397515528
53,1.5544663003233612,1.552983283996582,0.9917695473251029,0.9917695473251029,0.9985035540591096,0.9917695473251029,0.9875776397515528,0.9875776397515528,0.9977413890457368,0.9875776397515528
54,1.5525966384371772,1.55357449395316,0.9938271604938271,0.9938271604938271,0.9988776655443322,0.9938271604938271,0.9937888198757764,0.9937888198757764,0.9988706945228685,0.9937888198757764
55,1.5463323524740875,1.557272649946667,0.9979423868312757,0.9979423868312757,0.9996258885147774,0.9979423868312757,0.9937888198757764,0.9937888198757764,0.9988706945228685,0.9937888198757764
56,1.5497012372876777,1.558811278570266,0.9958847736625515,0.9958847736625515,0.9992517770295548,0.9958847736625515,0.9875776397515528,0.9875776397515528,0.9977413890457368,0.9875776397515528
57,1.5580975501263727,1.6187846547081357,0.9876543209876543,0.9876543209876543,0.9977553310886644,0.9876543209876543,0.9192546583850931,0.9192546583850931,0.9853190287972897,0.9192546583850931
58,1.5541190075092628,1.5639480749766033,0.9938271604938271,0.9938271604938271,0.9988776655443322,0.9938271604938271,0.9813664596273292,0.9813664596273292,0.9966120835686053,0.9813664596273292
59,1.54903273602001,1.5549078044437228,0.9958847736625515,0.9958847736625515,0.9992517770295548,0.9958847736625515,0.9875776397515528,0.9875776397515528,0.9977413890457368,0.9875776397515528
60,1.5460604517186274,1.5566752694901966,0.9979423868312757,0.9979423868312757,0.9996258885147774,0.9979423868312757,0.9875776397515528,0.9875776397515528,0.9977413890457368,0.9875776397515528
61,1.5498057427953502,1.5497499704360962,0.9948559670781894,0.9948559670781894,0.9990647212869435,0.9948559670781894,1.0,1.0,1.0,1.0
62,1.5482944181708038,1.5610526970454626,0.9969135802469136,0.9969135802469136,0.999438832772166,0.9969135802469136,0.9813664596273292,0.9813664596273292,0.9966120835686053,0.9813664596273292
63,1.5530753790355118,1.5655221541722615,0.9917695473251029,0.9917695473251029,0.9985035540591096,0.9917695473251029,0.9751552795031055,0.9751552795031055,0.9954827780914738,0.9751552795031055
64,1.5571558690461955,1.5690623237973167,0.9897119341563786,0.9897119341563786,0.998129442573887,0.9897119341563786,0.9751552795031055,0.9751552795031055,0.9954827780914738,0.9751552795031055
65,1.5530556665092219,1.5699296508516585,0.992798353909465,0.992798353909465,0.9986906098017209,0.992798353909465,0.968944099378882,0.968944099378882,0.9943534726143421,0.968944099378882
66,1.554083945321255,1.559026525134132,0.9897119341563786,0.9897119341563786,0.998129442573887,0.9897119341563786,0.9813664596273292,0.9813664596273292,0.9966120835686053,0.9813664596273292
67,1.5486165744359377,1.5603346767879667,0.9969135802469136,0.9969135802469136,0.999438832772166,0.9969135802469136,0.9875776397515528,0.9875776397515528,0.9977413890457368,0.9875776397515528
68,1.5463600285717698,1.5551988624391102,0.9979423868312757,0.9979423868312757,0.9996258885147774,0.9979423868312757,0.9875776397515528,0.9875776397515528,0.9977413890457368,0.9875776397515528
69,1.5474244238900356,1.5551408131917317,0.9969135802469136,0.9969135802469136,0.999438832772166,0.9969135802469136,0.9875776397515528,0.9875776397515528,0.9977413890457368,0.9875776397515528
70,1.5452122639437191,1.55424580119905,0.9979423868312757,0.9979423868312757,0.9996258885147774,0.9979423868312757,0.9875776397515528,0.9875776397515528,0.9977413890457368,0.9875776397515528
71,1.5476155212668121,1.56446715763637,0.9969135802469136,0.9969135802469136,0.999438832772166,0.9969135802469136,0.9751552795031055,0.9751552795031055,0.9954827780914738,0.9751552795031055
72,1.5489959140292933,1.5562800396056402,0.9958847736625515,0.9958847736625515,0.9992517770295548,0.9958847736625515,0.9875776397515528,0.9875776397515528,0.9977413890457368,0.9875776397515528
73,1.5516020274553142,1.5557991436549596,0.9938271604938271,0.9938271604938271,0.9988776655443322,0.9938271604938271,0.9937888198757764,0.9937888198757764,0.9988706945228685,0.9937888198757764
74,1.55107623827262,1.5533910195032756,0.9948559670781894,0.9948559670781894,0.9990647212869435,0.9948559670781894,0.9875776397515528,0.9875776397515528,0.9977413890457368,0.9875776397515528
75,1.5462832519265473,1.5576317480632238,0.9979423868312757,0.9979423868312757,0.9996258885147774,0.9979423868312757,0.9813664596273292,0.9813664596273292,0.9966120835686053,0.9813664596273292
76,1.5506400133742662,1.5561689365477789,0.9958847736625515,0.9958847736625515,0.9992517770295548,0.9958847736625515,0.9875776397515528,0.9875776397515528,0.9977413890457368,0.9875776397515528
77,1.5510853607146466,1.5629313389460247,0.9917695473251029,0.9917695473251029,0.9985035540591096,0.9917695473251029,0.9813664596273292,0.9813664596273292,0.9966120835686053,0.9813664596273292
78,1.5481210145793978,1.5663275548389979,0.9969135802469136,0.9969135802469136,0.999438832772166,0.9969135802469136,0.9751552795031055,0.9751552795031055,0.9954827780914738,0.9751552795031055
79,1.5528371382932193,1.5752124729610624,0.9917695473251029,0.9917695473251029,0.9985035540591096,0.9917695473251029,0.968944099378882,0.968944099378882,0.9943534726143421,0.968944099378882
80,1.5510684906459244,1.5704936527070545,0.9948559670781894,0.9948559670781894,0.9990647212869435,0.9948559670781894,0.968944099378882,0.968944099378882,0.9943534726143421,0.968944099378882
81,1.5535416827827204,1.5567827224731445,0.9907407407407407,0.9907407407407407,0.9983164983164983,0.9907407407407407,0.9937888198757764,0.9937888198757764,0.9988706945228685,0.9937888198757764
82,1.5496815501666459,1.5590043862660725,0.9958847736625515,0.9958847736625515,0.9992517770295548,0.9958847736625515,0.9875776397515528,0.9875776397515528,0.9977413890457368,0.9875776397515528
83,1.5508693632532338,1.5534189939498901,0.9938271604938271,0.9938271604938271,0.9988776655443322,0.9938271604938271,0.9937888198757764,0.9937888198757764,0.9988706945228685,0.9937888198757764
84,1.5477857267270323,1.5511392184666224,0.9958847736625515,0.9958847736625515,0.9992517770295548,0.9958847736625515,0.9937888198757764,0.9937888198757764,0.9988706945228685,0.9937888198757764
85,1.5462035253399709,1.552714921179272,0.9979423868312757,0.9979423868312757,0.9996258885147774,0.9979423868312757,0.9937888198757764,0.9937888198757764,0.9988706945228685,0.9937888198757764
86,1.5457291114525717,1.5612805627641224,0.9979423868312757,0.9979423868312757,0.9996258885147774,0.9979423868312757,0.9875776397515528,0.9875776397515528,0.9977413890457368,0.9875776397515528
87,1.546635160680677,1.5571426039650327,0.9969135802469136,0.9969135802469136,0.999438832772166,0.9969135802469136,0.9875776397515528,0.9875776397515528,0.9977413890457368,0.9875776397515528
88,1.5453506502948824,1.5511944577807473,0.9979423868312757,0.9979423868312757,0.9996258885147774,0.9979423868312757,0.9937888198757764,0.9937888198757764,0.9988706945228685,0.9937888198757764
89,1.548495141209149,1.5630177770342146,0.9948559670781894,0.9948559670781894,0.9990647212869435,0.9948559670781894,0.9751552795031055,0.9751552795031055,0.9954827780914738,0.9751552795031055
90,1.5579451097816717,1.562303412528265,0.9866255144032922,0.9866255144032922,0.9975682753460531,0.9866255144032922,0.9875776397515528,0.9875776397515528,0.9977413890457368,0.9875776397515528
91,1.5521908470841705,1.5523103191739036,0.9907407407407407,0.9907407407407407,0.9983164983164983,0.9907407407407407,0.9937888198757764,0.9937888198757764,0.9988706945228685,0.9937888198757764
92,1.5505344642967474,1.5505979912621635,0.9948559670781894,0.9948559670781894,0.9990647212869435,0.9948559670781894,0.9937888198757764,0.9937888198757764,0.9988706945228685,0.9937888198757764
93,1.5519409736648935,1.5628834849312192,0.992798353909465,0.992798353909465,0.9986906098017209,0.992798353909465,0.9813664596273292,0.9813664596273292,0.9966120835686053,0.9813664596273292
94,1.5529845581680048,1.5529200406301589,0.992798353909465,0.992798353909465,0.9986906098017209,0.992798353909465,0.9937888198757764,0.9937888198757764,0.9988706945228685,0.9937888198757764
95,1.5507243177929864,1.618720633643014,0.9948559670781894,0.9948559670781894,0.9990647212869435,0.9948559670781894,0.968944099378882,0.968944099378882,0.9943534726143421,0.968944099378882
96,1.5558295044742647,1.565919421968006,0.9897119341563786,0.9897119341563786,0.998129442573887,0.9897119341563786,0.9813664596273292,0.9813664596273292,0.9966120835686053,0.9813664596273292
97,1.554318103633943,1.5554370823360624,0.9917695473251029,0.9917695473251029,0.9985035540591096,0.9917695473251029,0.9875776397515528,0.9875776397515528,0.9977413890457368,0.9875776397515528
98,1.5541825743972277,1.5555370591935658,0.9897119341563786,0.9897119341563786,0.998129442573887,0.9897119341563786,0.9875776397515528,0.9875776397515528,0.9977413890457368,0.9875776397515528
99,1.547287962475761,1.5554794300170172,0.9969135802469136,0.9969135802469136,0.999438832772166,0.9969135802469136,0.9875776397515528,0.9875776397515528,0.9977413890457368,0.9875776397515528
100,1.5454281509899703,1.554698734056382,0.9979423868312757,0.9979423868312757,0.9996258885147774,0.9979423868312757,0.9875776397515528,0.9875776397515528,0.9977413890457368,0.9875776397515528
101,1.54671752941413,1.562167383375622,0.9979423868312757,0.9979423868312757,0.9996258885147774,0.9979423868312757,0.9813664596273292,0.9813664596273292,0.9966120835686053,0.9813664596273292
102,1.5470655325983391,1.5615437995819819,0.9979423868312757,0.9979423868312757,0.9996258885147774,0.9979423868312757,0.9875776397515528,0.9875776397515528,0.9977413890457368,0.9875776397515528
103,1.5463278664917242,1.5570622569038755,0.9969135802469136,0.9969135802469136,0.999438832772166,0.9969135802469136,0.9875776397515528,0.9875776397515528,0.9977413890457368,0.9875776397515528
104,1.545308533262034,1.5571845713115873,0.9979423868312757,0.9979423868312757,0.9996258885147774,0.9979423868312757,0.9875776397515528,0.9875776397515528,0.9977413890457368,0.9875776397515528
105,1.547193365996001,1.5615262871696836,0.9969135802469136,0.9969135802469136,0.999438832772166,0.9969135802469136,0.9813664596273292,0.9813664596273292,0.9966120835686053,0.9813664596273292
106,1.5473513231902827,1.560621006148202,0.9948559670781894,0.9948559670781894,0.9990647212869435,0.9948559670781894,0.9813664596273292,0.9813664596273292,0.9966120835686053,0.9813664596273292
107,1.5466067908240146,1.5589865219025385,0.9979423868312757,0.9979423868312757,0.9996258885147774,0.9979423868312757,0.9875776397515528,0.9875776397515528,0.9977413890457368,0.9875776397515528
108,1.5479988299432348,1.5745176758084978,0.9948559670781894,0.9948559670781894,0.9990647212869435,0.9948559670781894,0.9751552795031055,0.9751552795031055,0.9954827780914738,0.9751552795031055
109,1.5506251786575942,1.563635337920416,0.9938271604938271,0.9938271604938271,0.9988776655443322,0.9938271604938271,0.9813664596273292,0.9813664596273292,0.9966120835686053,0.9813664596273292
110,1.5501310532210304,1.6193863948186238,0.9948559670781894,0.9948559670781894,0.9990647212869435,0.9948559670781894,0.937888198757764,0.937888198757764,0.9887069452286844,0.937888198757764
111,1.5691950819531426,1.5653753053574335,0.9783950617283951,0.9783950617283951,0.9960718294051627,0.9783950617283951,0.9813664596273292,0.9813664596273292,0.9966120835686053,0.9813664596273292
112,1.5518097164200955,1.5592258430662609,0.9917695473251029,0.9917695473251029,0.9985035540591096,0.9917695473251029,0.9813664596273292,0.9813664596273292,0.9966120835686053,0.9813664596273292
113,1.5486134525205268,1.5687729233787173,0.9948559670781894,0.9948559670781894,0.9990647212869435,0.9948559670781894,0.9751552795031055,0.9751552795031055,0.9954827780914738,0.9751552795031055
114,1.5461810915196528,1.564507348196847,0.9969135802469136,0.9969135802469136,0.999438832772166,0.9969135802469136,0.9751552795031055,0.9751552795031055,0.9954827780914738,0.9751552795031055
115,1.5477067818407153,1.5553978908629644,0.9958847736625515,0.9958847736625515,0.9992517770295548,0.9958847736625515,0.9937888198757764,0.9937888198757764,0.9988706945228685,0.9937888198757764
116,1.550130853887464,1.5678455375489735,0.9938271604938271,0.9938271604938271,0.9988776655443322,0.9938271604938271,0.9751552795031055,0.9751552795031055,0.9954827780914738,0.9751552795031055
117,1.556889283852499,1.5587249880745297,0.9886831275720165,0.9886831275720165,0.9979423868312757,0.9886831275720165,0.9875776397515528,0.9875776397515528,0.9977413890457368,0.9875776397515528
118,1.5477902322519022,1.5548092751275926,0.9958847736625515,0.9958847736625515,0.9992517770295548,0.9958847736625515,0.9875776397515528,0.9875776397515528,0.9977413890457368,0.9875776397515528
119,1.5456373202996176,1.5603543860571725,0.9979423868312757,0.9979423868312757,0.9996258885147774,0.9979423868312757,0.9813664596273292,0.9813664596273292,0.9966120835686053,0.9813664596273292
120,1.5455977301128576,1.559822372027806,0.9979423868312757,0.9979423868312757,0.9996258885147774,0.9979423868312757,0.9813664596273292,0.9813664596273292,0.9966120835686053,0.9813664596273292
121,1.5466385376257974,1.5605700413386028,0.9969135802469136,0.9969135802469136,0.999438832772166,0.9969135802469136,0.9813664596273292,0.9813664596273292,0.9966120835686053,0.9813664596273292
122,1.545207904987648,1.5564627874465216,0.9979423868312757,0.9979423868312757,0.9996258885147774,0.9979423868312757,0.9875776397515528,0.9875776397515528,0.9977413890457368,0.9875776397515528
123,1.5465119940335634,1.5658086424782163,0.9969135802469136,0.9969135802469136,0.999438832772166,0.9969135802469136,0.9813664596273292,0.9813664596273292,0.9966120835686053,0.9813664596273292
124,1.557001331790549,1.5612758681887673,0.9876543209876543,0.9876543209876543,0.9977553310886644,0.9876543209876543,0.9875776397515528,0.9875776397515528,0.9977413890457368,0.9875776397515528
125,1.5483232990640108,1.556628948166257,0.9958847736625515,0.9958847736625515,0.9992517770295548,0.9958847736625515,0.9813664596273292,0.9813664596273292,0.9966120835686053,0.9813664596273292
126,1.5497069202485632,1.5683577117465792,0.9948559670781894,0.9948559670781894,0.9990647212869435,0.9948559670781894,0.9813664596273292,0.9813664596273292,0.9966120835686053,0.9813664596273292
127,1.5497075338832667,1.5561395770027524,0.9948559670781894,0.9948559670781894,0.9990647212869435,0.9948559670781894,0.9937888198757764,0.9937888198757764,0.9988706945228685,0.9937888198757764
128,1.5536075048759335,1.5830615588596888,0.9917695473251029,0.9917695473251029,0.9985035540591096,0.9917695473251029,0.9565217391304348,0.9565217391304348,0.9920948616600791,0.9565217391304348
129,1.5506832296731041,1.5614327987035115,0.9948559670781894,0.9948559670781894,0.9990647212869435,0.9948559670781894,0.9875776397515528,0.9875776397515528,0.9977413890457368,0.9875776397515528
130,1.5515394161959164,1.555374162537711,0.9917695473251029,0.9917695473251029,0.9985035540591096,0.9917695473251029,0.9875776397515528,0.9875776397515528,0.9977413890457368,0.9875776397515528
131,1.5474886952853593,1.5562826224735804,0.9969135802469136,0.9969135802469136,0.999438832772166,0.9969135802469136,0.9875776397515528,0.9875776397515528,0.9977413890457368,0.9875776397515528
132,1.5471654211888548,1.5562362103235154,0.9958847736625515,0.9958847736625515,0.9992517770295548,0.9958847736625515,0.9875776397515528,0.9875776397515528,0.9977413890457368,0.9875776397515528
133,1.5461623219193006,1.556831331480117,0.9979423868312757,0.9979423868312757,0.9996258885147774,0.9979423868312757,0.9875776397515528,0.9875776397515528,0.9977413890457368,0.9875776397515528
134,1.5468944487024525,1.552424436523801,0.9979423868312757,0.9979423868312757,0.9996258885147774,0.9979423868312757,0.9937888198757764,0.9937888198757764,0.9988706945228685,0.9937888198757764
135,1.551770995874874,1.5750214826493036,0.992798353909465,0.992798353909465,0.9986906098017209,0.992798353909465,0.9627329192546584,0.9627329192546584,0.9932241671372106,0.9627329192546584
136,1.548776298272805,1.5509546030135382,0.9958847736625515,0.9958847736625515,0.9992517770295548,0.9958847736625515,0.9937888198757764,0.9937888198757764,0.9988706945228685,0.9937888198757764
137,1.545976198110424,1.5595279818489438,0.9979423868312757,0.9979423868312757,0.9996258885147774,0.9979423868312757,0.9875776397515528,0.9875776397515528,0.9977413890457368,0.9875776397515528
138,1.5466355984328224,1.5518979174750192,0.9969135802469136,0.9969135802469136,0.999438832772166,0.9969135802469136,0.9937888198757764,0.9937888198757764,0.9988706945228685,0.9937888198757764
139,1.54505007872816,1.5681797038941157,0.9979423868312757,0.9979423868312757,0.9996258885147774,0.9979423868312757,0.9751552795031055,0.9751552795031055,0.9954827780914738,0.9751552795031055
140,1.5502535798510566,1.5597012440363567,0.9948559670781894,0.9948559670781894,0.9990647212869435,0.9948559670781894,0.9875776397515528,0.9875776397515528,0.9977413890457368,0.9875776397515528
141,1.5494397888418103,1.5837646836326236,0.9938271604938271,0.9938271604938271,0.9988776655443322,0.9938271604938271,0.9565217391304348,0.9565217391304348,0.9920948616600791,0.9565217391304348
142,1.5466370856175657,1.5746389003027053,0.9969135802469136,0.9969135802469136,0.999438832772166,0.9969135802469136,0.9751552795031055,0.9751552795031055,0.9954827780914738,0.9751552795031055
143,1.5466734288168735,1.5650050469807215,0.9969135802469136,0.9969135802469136,0.999438832772166,0.9969135802469136,0.9751552795031055,0.9751552795031055,0.9954827780914738,0.9751552795031055
144,1.5483858399703854,1.5503763584863572,0.9958847736625515,0.9958847736625515,0.9992517770295548,0.9958847736625515,0.9937888198757764,0.9937888198757764,0.9988706945228685,0.9937888198757764
145,1.548755268581578,1.5539882693971907,0.9958847736625515,0.9958847736625515,0.9992517770295548,0.9958847736625515,0.9937888198757764,0.9937888198757764,0.9988706945228685,0.9937888198757764
146,1.548543532363704,1.5491168612525577,0.9958847736625515,0.9958847736625515,0.9992517770295548,0.9958847736625515,0.9937888198757764,0.9937888198757764,0.9988706945228685,0.9937888198757764
147,1.5470118854866652,1.5495679605574835,0.9958847736625515,0.9958847736625515,0.9992517770295548,0.9958847736625515,0.9937888198757764,0.9937888198757764,0.9988706945228685,0.9937888198757764
148,1.5452685170486324,1.5492460557392664,0.9979423868312757,0.9979423868312757,0.9996258885147774,0.9979423868312757,0.9937888198757764,0.9937888198757764,0.9988706945228685,0.9937888198757764
149,1.5452111265698418,1.5511039325169154,0.9979423868312757,0.9979423868312757,0.9996258885147774,0.9979423868312757,0.9937888198757764,0.9937888198757764,0.9988706945228685,0.9937888198757764
150,1.5451434840921496,1.5502115033921742,0.9979423868312757,0.9979423868312757,0.9996258885147774,0.9979423868312757,0.9937888198757764,0.9937888198757764,0.9988706945228685,0.9937888198757764
151,1.5468215307251352,1.549288238797869,0.9969135802469136,0.9969135802469136,0.999438832772166,0.9969135802469136,0.9937888198757764,0.9937888198757764,0.9988706945228685,0.9937888198757764
152,1.5482371400614254,1.5568511883417766,0.9958847736625515,0.9958847736625515,0.9992517770295548,0.9958847736625515,0.9875776397515528,0.9875776397515528,0.9977413890457368,0.9875776397515528
153,1.550132007872472,1.571017520768302,0.992798353909465,0.992798353909465,0.9986906098017209,0.992798353909465,0.9751552795031055,0.9751552795031055,0.9954827780914738,0.9751552795031055
154,1.5483569473516745,1.5535803862980433,0.9948559670781894,0.9948559670781894,0.9990647212869435,0.9948559670781894,0.9937888198757764,0.9937888198757764,0.9988706945228685,0.9937888198757764
155,1.5474900759634425,1.5648857752482097,0.9969135802469136,0.9969135802469136,0.999438832772166,0.9969135802469136,0.9751552795031055,0.9751552795031055,0.9954827780914738,0.9751552795031055
156,1.547372935248203,1.562732492174421,0.9958847736625515,0.9958847736625515,0.9992517770295548,0.9958847736625515,0.9813664596273292,0.9813664596273292,0.9966120835686053,0.9813664596273292
157,1.5453272500976187,1.5636043321518671,0.9979423868312757,0.9979423868312757,0.9996258885147774,0.9979423868312757,0.9813664596273292,0.9813664596273292,0.9966120835686053,0.9813664596273292
158,1.5477681619222048,1.5639251413799466,0.9958847736625515,0.9958847736625515,0.9992517770295548,0.9958847736625515,0.9813664596273292,0.9813664596273292,0.9966120835686053,0.9813664596273292
159,1.5481817165359122,1.5606681051708402,0.9969135802469136,0.9969135802469136,0.999438832772166,0.9969135802469136,0.9875776397515528,0.9875776397515528,0.9977413890457368,0.9875776397515528
160,1.5477785429016488,1.5699098450796944,0.9958847736625515,0.9958847736625515,0.9992517770295548,0.9958847736625515,0.968944099378882,0.968944099378882,0.9943534726143421,0.968944099378882
161,1.5453671930266208,1.5651084865842546,0.9979423868312757,0.9979423868312757,0.9996258885147774,0.9979423868312757,0.9751552795031055,0.9751552795031055,0.9954827780914738,0.9751552795031055
162,1.5451618100776048,1.566911362466358,0.9979423868312757,0.9979423868312757,0.9996258885147774,0.9979423868312757,0.9751552795031055,0.9751552795031055,0.9954827780914738,0.9751552795031055
163,1.5462281059046261,1.566047640073867,0.9969135802469136,0.9969135802469136,0.999438832772166,0.9969135802469136,0.9751552795031055,0.9751552795031055,0.9954827780914738,0.9751552795031055
164,1.5451515082453118,1.5589714617956252,0.9979423868312757,0.9979423868312757,0.9996258885147774,0.9979423868312757,0.9875776397515528,0.9875776397515528,0.9977413890457368,0.9875776397515528
165,1.5451931279213702,1.5597585496448336,0.9979423868312757,0.9979423868312757,0.9996258885147774,0.9979423868312757,0.9875776397515528,0.9875776397515528,0.9977413890457368,0.9875776397515528
166,1.5451390801883134,1.5569668099993752,0.9979423868312757,0.9979423868312757,0.9996258885147774,0.9979423868312757,0.9875776397515528,0.9875776397515528,0.9977413890457368,0.9875776397515528
167,1.5454073978252099,1.5499242884772164,0.9979423868312757,0.9979423868312757,0.9996258885147774,0.9979423868312757,0.9937888198757764,0.9937888198757764,0.9988706945228685,0.9937888198757764
168,1.5450942799693248,1.5528335060392107,0.9979423868312757,0.9979423868312757,0.9996258885147774,0.9979423868312757,0.9875776397515528,0.9875776397515528,0.9977413890457368,0.9875776397515528
169,1.5547369620839104,1.5730403094064622,0.9886831275720165,0.9886831275720165,0.9979423868312757,0.9886831275720165,0.9751552795031055,0.9751552795031055,0.9954827780914738,0.9751552795031055
170,1.5575513673610375,1.5637431882676625,0.9876543209876543,0.9876543209876543,0.9977553310886644,0.9876543209876543,0.9813664596273292,0.9813664596273292,0.9966120835686053,0.9813664596273292
171,1.5504737066440895,1.5696143536340623,0.9948559670781894,0.9948559670781894,0.9990647212869435,0.9948559670781894,0.9751552795031055,0.9751552795031055,0.9954827780914738,0.9751552795031055
172,1.5518897400527705,1.598623275756836,0.992798353909465,0.992798353909465,0.9986906098017209,0.992798353909465,0.9440993788819876,0.9440993788819876,0.9898362507058159,0.9440993788819876
173,1.5538695122374864,1.5692779904320127,0.9907407407407407,0.9907407407407407,0.9983164983164983,0.9907407407407407,0.968944099378882,0.968944099378882,0.9943534726143421,0.968944099378882
174,1.5510683831621388,1.556806212379819,0.9938271604938271,0.9938271604938271,0.9988776655443322,0.9938271604938271,0.9875776397515528,0.9875776397515528,0.9977413890457368,0.9875776397515528
175,1.5474063929964283,1.5542349815368652,0.9958847736625515,0.9958847736625515,0.9992517770295548,0.9958847736625515,0.9875776397515528,0.9875776397515528,0.9977413890457368,0.9875776397515528
176,1.5451970198115363,1.5541479474022275,0.9979423868312757,0.9979423868312757,0.9996258885147774,0.9979423868312757,0.9875776397515528,0.9875776397515528,0.9977413890457368,0.9875776397515528
177,1.5467541325287741,1.559251342500959,0.9979423868312757,0.9979423868312757,0.9996258885147774,0.9979423868312757,0.9813664596273292,0.9813664596273292,0.9966120835686053,0.9813664596273292
178,1.545179479434842,1.556121723992484,0.9979423868312757,0.9979423868312757,0.9996258885147774,0.9979423868312757,0.9875776397515528,0.9875776397515528,0.9977413890457368,0.9875776397515528
179,1.545373285403017,1.5568687177839733,0.9979423868312757,0.9979423868312757,0.9996258885147774,0.9979423868312757,0.9875776397515528,0.9875776397515528,0.9977413890457368,0.9875776397515528
180,1.5452514779372293,1.5555255867186046,0.9979423868312757,0.9979423868312757,0.9996258885147774,0.9979423868312757,0.9875776397515528,0.9875776397515528,0.9977413890457368,0.9875776397515528
181,1.5452755474653401,1.5547940220151628,0.9979423868312757,0.9979423868312757,0.9996258885147774,0.9979423868312757,0.9875776397515528,0.9875776397515528,0.9977413890457368,0.9875776397515528
182,1.5470974894820666,1.5574457815715246,0.9969135802469136,0.9969135802469136,0.999438832772166,0.9969135802469136,0.9875776397515528,0.9875776397515528,0.9977413890457368,0.9875776397515528
183,1.5452285799823824,1.5569124619166057,0.9979423868312757,0.9979423868312757,0.9996258885147774,0.9979423868312757,0.9875776397515528,0.9875776397515528,0.9977413890457368,0.9875776397515528
184,1.54611979156244,1.5555615027745564,0.9969135802469136,0.9969135802469136,0.999438832772166,0.9969135802469136,0.9875776397515528,0.9875776397515528,0.9977413890457368,0.9875776397515528
185,1.5455688521510265,1.5566415786743164,0.9979423868312757,0.9979423868312757,0.9996258885147774,0.9979423868312757,0.9875776397515528,0.9875776397515528,0.9977413890457368,0.9875776397515528
186,1.5459849277480704,1.5638905139196486,0.9979423868312757,0.9979423868312757,0.9996258885147774,0.9979423868312757,0.9751552795031055,0.9751552795031055,0.9954827780914738,0.9751552795031055
187,1.5505238468529747,1.5562845582053775,0.9938271604938271,0.9938271604938271,0.9988776655443322,0.9938271604938271,0.9875776397515528,0.9875776397515528,0.9977413890457368,0.9875776397515528
188,1.5535879096046823,1.5664831683749245,0.9917695473251029,0.9917695473251029,0.9985035540591096,0.9917695473251029,0.9813664596273292,0.9813664596273292,0.9966120835686053,0.9813664596273292
189,1.5500386054398583,1.5603097393399192,0.9938271604938271,0.9938271604938271,0.9988776655443322,0.9938271604938271,0.9813664596273292,0.9813664596273292,0.9966120835686053,0.9813664596273292
190,1.5499252755133832,1.547769614628383,0.9938271604938271,0.9938271604938271,0.9988776655443322,0.9938271604938271,0.9937888198757764,0.9937888198757764,0.9988706945228685,0.9937888198757764
191,1.5481652588140769,1.5504379215694608,0.9958847736625515,0.9958847736625515,0.9992517770295548,0.9958847736625515,0.9937888198757764,0.9937888198757764,0.9988706945228685,0.9937888198757764
192,1.5491949661833342,1.5594630184627714,0.9948559670781894,0.9948559670781894,0.9990647212869435,0.9948559670781894,0.9813664596273292,0.9813664596273292,0.9966120835686053,0.9813664596273292
