,train_loss,val_loss,recall,precision,accuracy,f1_score
0,2.180140896898801,2.115338711511521,0.35596707463264465,0.35596707463264465,0.8829030990600586,0.35596707463264465
1,2.0436299052394804,1.9319086074829102,0.5030864477157593,0.5030864477157593,0.909652054309845,0.5030864477157593
2,1.9430127358827434,2.1588827598662603,0.6039094924926758,0.6039094924926758,0.9279835224151611,0.6039094924926758
3,1.8933386040515587,2.015629598072597,0.6522634029388428,0.6522634029388428,0.9367751479148865,0.6522634029388428
4,1.8550590872764587,1.7915391184034801,0.6965020298957825,0.6965020298957825,0.9448185563087463,0.6965020298957825
5,1.830830401084462,1.740222068060012,0.7129629850387573,0.7129629850387573,0.9478114247322083,0.7129629850387573
6,1.7858950173268553,1.7519153072720481,0.7613168954849243,0.7613168954849243,0.9566030502319336,0.7613168954849243
7,1.7718499244236556,1.6657494874227614,0.7716049551963806,0.7716049551963806,0.9584736227989197,0.7716049551963806
8,1.7607991822430344,1.6749143089566911,0.7829217910766602,0.7829217910766602,0.9605312347412109,0.7829217910766602
9,1.7339386627322337,1.6611122290293376,0.8137860298156738,0.8137860298156738,0.9661428928375244,0.8137860298156738
10,1.7179219126701355,1.6664139202662878,0.8292180895805359,0.8292180895805359,0.9689487218856812,0.8292180895805359
11,1.7119884344397998,1.6489122311274211,0.838477373123169,0.838477373123169,0.9706322550773621,0.838477373123169
12,1.7161457724258549,1.6690557854516166,0.8353909254074097,0.8353909254074097,0.9700710773468018,0.8353909254074097
13,1.7134274214994711,1.718262689454215,0.8364197611808777,0.8364197611808777,0.9702581167221069,0.8364197611808777
14,1.7086478901691124,1.643341717265901,0.8364197611808777,0.8364197611808777,0.9702581167221069,0.8364197611808777
15,1.6974708711514708,1.6502616575786047,0.8487654328346252,0.8487654328346252,0.9725028276443481,0.8487654328346252
16,1.6806592804486635,1.6694218998863584,0.8641975522041321,0.8641975522041321,0.9753086566925049,0.8641976118087769
17,1.6670403412131012,1.667515101886931,0.8806584477424622,0.8806584477424622,0.9783015251159668,0.8806584477424622
18,1.6568729633190593,1.6420734042213077,0.8930041193962097,0.8930041193962097,0.9805461764335632,0.8930041193962097
19,1.659095087989432,1.6640582027889432,0.8888888955116272,0.8888888955116272,0.9797979593276978,0.8888888955116272
20,1.6495086071921177,1.6585104295185633,0.8930041193962097,0.8930041193962097,0.9805461764335632,0.8930041193962097
21,1.6309845310742739,1.5771171706063407,0.9135802388191223,0.9135802388191223,0.9842873215675354,0.9135802984237671
22,1.6101090634455446,1.5741682620275588,0.9413580298423767,0.9413580298423767,0.9893378019332886,0.9413580298423767
23,1.5946880100203342,1.577454788344247,0.951646089553833,0.951646089553833,0.9912083745002747,0.951646089553833
24,1.595148434404467,1.576638590721857,0.9475308656692505,0.9475308656692505,0.9904601573944092,0.9475308656692505
25,1.6072171291366952,1.6171387944902693,0.9382715821266174,0.9382715821266174,0.988776683807373,0.9382715821266174
26,1.6019870599762338,1.5898047174726213,0.9423868060112,0.9423868060112,0.9895249009132385,0.9423868060112
27,1.589185751852442,1.5629536083766393,0.9609053730964661,0.9609053730964661,0.9928919076919556,0.9609053730964661
28,1.5891791113087388,1.711896845272609,0.9537037014961243,0.9537037014961243,0.9915825128555298,0.9537037014961243
29,1.59974161816425,1.5741121201288133,0.951646089553833,0.951646089553833,0.9912083745002747,0.951646089553833
30,1.5833952807989278,1.5751280103410994,0.9639917612075806,0.9639917612075806,0.9934530258178711,0.9639917612075806
31,1.5769386838694088,1.5816103049686976,0.9691358208656311,0.9691358208656311,0.9943883419036865,0.9691358208656311
32,1.5711272710659465,1.6005384411130632,0.9732510447502136,0.9732510447502136,0.995136559009552,0.9732510447502136
33,1.5748743151055007,1.5667890026455833,0.9681069850921631,0.9681069850921631,0.9942012429237366,0.9681069850921631
34,1.5900868793002894,1.585032860438029,0.9547325372695923,0.9547325372695923,0.991769552230835,0.9547325372695923
35,1.5873019040608016,1.598022046543303,0.9567901492118835,0.9567901492118835,0.9921436309814453,0.9567901492118835
36,1.5783334042205186,1.5898160991214572,0.9670782089233398,0.9670782089233398,0.9940142035484314,0.9670782089233398
37,1.5758412343556765,1.5654555105027699,0.9711934328079224,0.9711934328079224,0.9947624206542969,0.9711934328079224
38,1.5719061972665005,1.5865379742213659,0.9732510447502136,0.9732510447502136,0.995136559009552,0.9732510447502136
39,1.5682242297735371,1.5777306443169004,0.9763374328613281,0.9763374328613281,0.9956977367401123,0.9763374328613281
40,1.5639609030035675,1.574705197697594,0.9804526567459106,0.9804526567459106,0.9964459538459778,0.9804526567459106
41,1.5658308629129754,1.5638779061181205,0.9794238805770874,0.9794238805770874,0.9962589144706726,0.9794238805770874
42,1.5772631012025427,1.5569060813812983,0.9650205969810486,0.9650205969810486,0.993640124797821,0.9650205969810486
43,1.5697570843774764,1.5548304376148043,0.9722222089767456,0.9722222089767456,0.9949495196342468,0.9722222089767456
44,1.573227044988851,1.608632661047436,0.9732510447502136,0.9732510447502136,0.995136559009552,0.9732510447502136
45,1.574637924061447,1.5621901977629888,0.9691358208656311,0.9691358208656311,0.9943883419036865,0.9691358208656311
46,1.5663366141866466,1.5726461240223475,0.9763374328613281,0.9763374328613281,0.9956977367401123,0.9763374328613281
47,1.5703385364813882,1.5763966583070301,0.9753086566925049,0.9753086566925049,0.9955106377601624,0.9753086566925049
48,1.5686403063477063,1.5702184722537087,0.9742798209190369,0.9742798209190369,0.9953235983848572,0.9742798209190369
49,1.5738867765567341,1.5797490733010429,0.9711934328079224,0.9711934328079224,0.9947624206542969,0.9711934328079224
50,1.5804926196082694,1.5753080617813837,0.9629629850387573,0.9629629850387573,0.9932659864425659,0.9629629850387573
51,1.5647871689718278,1.5650822151274908,0.9794238805770874,0.9794238805770874,0.9962589144706726,0.9794238805770874
52,1.5622523554035874,1.5576816910789126,0.9825102686882019,0.9825102686882019,0.9968200325965881,0.9825102686882019
53,1.5667848362297307,1.5721667267027355,0.9773662686347961,0.9773662686347961,0.9958847761154175,0.9773662686347961
54,1.564367769194431,1.5927434478487288,0.9825102686882019,0.9825102686882019,0.9968200325965881,0.9825102686882019
55,1.5681342384854302,1.5713476623807634,0.9753086566925049,0.9753086566925049,0.9955106377601624,0.9753086566925049
56,1.5583819248637214,1.5723646992728824,0.9855967164039612,0.9855967164039612,0.9973812103271484,0.9855967164039612
57,1.5552811436965817,1.5710665668760027,0.9876543283462524,0.9876543283462524,0.9977553486824036,0.9876543283462524
58,1.561610336186456,1.5745116812842233,0.9825102686882019,0.9825102686882019,0.9968200325965881,0.9825102686882019
59,1.554961739016361,1.562722887311663,0.9886831045150757,0.9886831045150757,0.9979423880577087,0.9886831045150757
60,1.552070438861847,1.5557352134159632,0.991769552230835,0.991769552230835,0.998503565788269,0.991769552230835
61,1.5489977021686365,1.555970793678647,0.9938271641731262,0.9938271641731262,0.9988776445388794,0.9938271641731262
62,1.5513869758512153,1.5811321110952468,0.9927983283996582,0.9927983283996582,0.9986906051635742,0.9927983283996582
63,1.55766163009112,1.5672537201926822,0.9876543283462524,0.9876543283462524,0.9977553486824036,0.9876543283462524
64,1.569062424487755,1.5842831759225755,0.9753086566925049,0.9753086566925049,0.9955106377601624,0.9753086566925049
65,1.5572179350696627,1.5852581546420144,0.9886831045150757,0.9886831045150757,0.9979423880577087,0.9886831045150757
66,1.5588472993647466,1.5540233112516857,0.9845678806304932,0.9845678806304932,0.9971941709518433,0.9845678210258484
67,1.5557527962278148,1.5615842058545066,0.9886831045150757,0.9886831045150757,0.9979423880577087,0.9886831045150757
68,1.5625941128027243,1.5812823658897763,0.9804526567459106,0.9804526567459106,0.9964459538459778,0.9804526567459106
69,1.563298800929648,1.5553929862521945,0.9804526567459106,0.9804526567459106,0.9964459538459778,0.9804526567459106
70,1.5531371157677447,1.5525953202020555,0.9907407164573669,0.9907407164573669,0.9983165264129639,0.9907407164573669
71,1.5720700054872232,1.5706638665426345,0.9711934328079224,0.9711934328079224,0.9947624206542969,0.9711934328079224
72,1.5604466786150073,1.5651575894582839,0.9835391044616699,0.9835391044616699,0.9970071315765381,0.9835391044616699
73,1.5573387058054815,1.5573722010567075,0.9876543283462524,0.9876543283462524,0.9977553486824036,0.9876543283462524
74,1.555060016327217,1.5609572274344308,0.9886831045150757,0.9886831045150757,0.9979423880577087,0.9886831045150757
75,1.5667295446161364,1.5641305389858426,0.9773662686347961,0.9773662686347961,0.9958847761154175,0.9773662686347961
76,1.565694908626744,1.567821394829523,0.9773662686347961,0.9773662686347961,0.9958847761154175,0.9773662686347961
77,1.5548254222166342,1.5629314468020485,0.9886831045150757,0.9886831045150757,0.9979423880577087,0.9886831045150757
78,1.5559909441432014,1.556370082355681,0.9866254925727844,0.9866254925727844,0.9975682497024536,0.9866254925727844
79,1.554327513350815,1.5618804409390403,0.9886831045150757,0.9886831045150757,0.9979423880577087,0.9886831045150757
80,1.5498982316157857,1.5635555982589722,0.9948559403419495,0.9948559403419495,0.9990647435188293,0.9948559403419495
81,1.5547461978724746,1.5563327074050903,0.9866254925727844,0.9866254925727844,0.9975682497024536,0.9866254925727844
82,1.5495895176637369,1.5553526083628337,0.9938271641731262,0.9938271641731262,0.9988776445388794,0.9938271641731262
83,1.5483316016978905,1.5553947630382718,0.9948559403419495,0.9948559403419495,0.9990647435188293,0.9948559403419495
84,1.5496116700719615,1.6119422855831327,0.9927983283996582,0.9927983283996582,0.9986906051635742,0.9927983283996582
85,1.5512015018306795,1.5527966930752708,0.991769552230835,0.991769552230835,0.998503565788269,0.991769552230835
86,1.5531800203636044,1.581794023513794,0.9907407164573669,0.9907407164573669,0.9983165264129639,0.9907407164573669
87,1.5546358579494914,1.560403863588969,0.9897119402885437,0.9897119402885437,0.9981294274330139,0.9897119402885437
88,1.557381537116942,1.574988115401495,0.9866254925727844,0.9866254925727844,0.9975682497024536,0.9866254925727844
89,1.5483302552191938,1.5751180592037382,0.9948559403419495,0.9948559403419495,0.9990647435188293,0.9948559403419495
90,1.549222915876107,1.5623928876150222,0.9948559403419495,0.9948559403419495,0.9990647435188293,0.9948559403419495
91,1.5639474616676081,1.616545898573739,0.9814814925193787,0.9814814925193787,0.996632993221283,0.9814814329147339
92,1.55656156579002,1.5744983298437936,0.9866254925727844,0.9866254925727844,0.9975682497024536,0.9866254925727844
93,1.5564020139272097,1.5622865586053758,0.9876543283462524,0.9876543283462524,0.9977553486824036,0.9876543283462524
94,1.560307524243339,1.6052932341893513,0.9825102686882019,0.9825102686882019,0.9968200325965881,0.9825102686882019
95,1.5474837989103598,1.5594932635625203,0.9958847761154175,0.9958847761154175,0.9992517828941345,0.9958847761154175
96,1.548903991941546,1.5817987010592507,0.9948559403419495,0.9948559403419495,0.9990647435188293,0.9948559403419495
97,1.547244939647737,1.5696430603663127,0.9958847761154175,0.9958847761154175,0.9992517828941345,0.9958847761154175
98,1.550087974696863,1.5909322273163569,0.9948559403419495,0.9948559403419495,0.9990647435188293,0.9948559403419495
99,1.5544142205207074,1.5590185664948963,0.9907407164573669,0.9907407164573669,0.9983165264129639,0.9907407164573669
100,1.5551627708263085,1.5630575986135573,0.9897119402885437,0.9897119402885437,0.9981294274330139,0.9897119402885437
101,1.551251645948066,1.5591108742214383,0.9927983283996582,0.9927983283996582,0.9986906051635742,0.9927983283996582
102,1.5528006690447447,1.574669355437869,0.9907407164573669,0.9907407164573669,0.9983165264129639,0.9907407164573669
103,1.55801259005656,1.6190579675492787,0.9855967164039612,0.9855967164039612,0.9973812103271484,0.9855967164039612
104,1.5541529850881608,1.5580484980628604,0.9897119402885437,0.9897119402885437,0.9981294274330139,0.9897119402885437
105,1.5513737299403205,1.5950007438659668,0.9927983283996582,0.9927983283996582,0.9986906051635742,0.9927983283996582
106,1.5476951941114958,1.5648507447469802,0.9958847761154175,0.9958847761154175,0.9992517828941345,0.9958847761154175
107,1.5472024933236543,1.5646531241280692,0.9958847761154175,0.9958847761154175,0.9992517828941345,0.9958847761154175
108,1.5461610194112434,1.5655444860458374,0.9969135522842407,0.9969135522842407,0.9994388222694397,0.9969135522842407
109,1.546016945213568,1.56313689549764,0.9969135522842407,0.9969135522842407,0.9994388222694397,0.9969135522842407
110,1.5472489067765534,1.5588750952766055,0.9958847761154175,0.9958847761154175,0.9992517828941345,0.9958847761154175
111,1.5469906378964908,1.5669977778480166,0.9969135522842407,0.9969135522842407,0.9994388222694397,0.9969135522842407
112,1.5574358476967107,1.5949984788894653,0.9876543283462524,0.9876543283462524,0.9977553486824036,0.9876543283462524
113,1.5565322139224067,1.5751118319375175,0.9876543283462524,0.9876543283462524,0.9977553486824036,0.9876543283462524
114,1.5528421245637487,1.5540905509676253,0.9907407164573669,0.9907407164573669,0.9983165264129639,0.9907407164573669
115,1.5553729631861701,1.5659915379115514,0.9897119402885437,0.9897119402885437,0.9981294274330139,0.9897119402885437
116,1.5614384754759367,1.5650513342448644,0.9814814925193787,0.9814814925193787,0.996632993221283,0.9814814329147339
117,1.5502687858753517,1.5542490652629308,0.9938271641731262,0.9938271641731262,0.9988776445388794,0.9938271641731262
118,1.5478758616525619,1.554394211087908,0.9958847761154175,0.9958847761154175,0.9992517828941345,0.9958847761154175
119,1.5476419642323354,1.55469202427637,0.9958847761154175,0.9958847761154175,0.9992517828941345,0.9958847761154175
120,1.5488482909124406,1.5544199546178181,0.9948559403419495,0.9948559403419495,0.9990647435188293,0.9948559403419495
121,1.5494232246133148,1.560472704115368,0.9938271641731262,0.9938271641731262,0.9988776445388794,0.9938271641731262
122,1.5481315020655022,1.5576144854227703,0.9948559403419495,0.9948559403419495,0.9990647435188293,0.9948559403419495
123,1.5576715244621526,1.5797029109228224,0.9855967164039612,0.9855967164039612,0.9973812103271484,0.9855967164039612
124,1.552506082370633,1.5811833710897536,0.9907407164573669,0.9907407164573669,0.9983165264129639,0.9907407164573669
125,1.559073781380888,1.5666999078932262,0.9845678806304932,0.9845678806304932,0.9971941709518433,0.9845678210258484
126,1.5503871460429957,1.564439166159857,0.9927983283996582,0.9927983283996582,0.9986906051635742,0.9927983283996582
127,1.5511078600023613,1.5566662493206205,0.9927983283996582,0.9927983283996582,0.9986906051635742,0.9927983283996582
128,1.5529957247562096,1.5917779491061257,0.991769552230835,0.991769552230835,0.998503565788269,0.991769552230835
129,1.5601970143005497,1.5730017934526717,0.9814814925193787,0.9814814925193787,0.996632993221283,0.9814814329147339
130,1.5562000245344443,1.5677669899804252,0.9866254925727844,0.9866254925727844,0.9975682497024536,0.9866254925727844
131,1.551750184082594,1.5609246889750164,0.9927983283996582,0.9927983283996582,0.9986906051635742,0.9927983283996582
132,1.5503021683849272,1.5609050421487718,0.991769552230835,0.991769552230835,0.998503565788269,0.991769552230835
133,1.549300452724832,1.5717542966206868,0.9938271641731262,0.9938271641731262,0.9988776445388794,0.9938271641731262
134,1.5504310668491927,1.5632699671245756,0.9938271641731262,0.9938271641731262,0.9988776445388794,0.9938271641731262
135,1.5541765601908575,1.5615973756426857,0.9886831045150757,0.9886831045150757,0.9979423880577087,0.9886831045150757
136,1.5474737902156641,1.5660317852383567,0.9958847761154175,0.9958847761154175,0.9992517828941345,0.9958847761154175
137,1.5513255107598227,1.5510586102803547,0.9927983283996582,0.9927983283996582,0.9986906051635742,0.9927983283996582
138,1.547411907891758,1.5649631647836595,0.9958847761154175,0.9958847761154175,0.9992517828941345,0.9958847761154175
139,1.546220561519998,1.56606315998804,0.9969135522842407,0.9969135522842407,0.9994388222694397,0.9969135522842407
140,1.5491949153728173,1.6053009771165394,0.9927983283996582,0.9927983283996582,0.9986906051635742,0.9927983283996582
141,1.5462361056296552,1.5591102895282565,0.9969135522842407,0.9969135522842407,0.9994388222694397,0.9969135522842407
142,1.5462964997916926,1.5605163290387107,0.9969135522842407,0.9969135522842407,0.9994388222694397,0.9969135522842407
143,1.5475595749792506,1.5540177538281394,0.9958847761154175,0.9958847761154175,0.9992517828941345,0.9958847761154175
144,1.5542241071091323,1.558993316832043,0.9897119402885437,0.9897119402885437,0.9981294274330139,0.9897119402885437
145,1.5532341208614286,1.580764026868911,0.9886831045150757,0.9886831045150757,0.9979423880577087,0.9886831045150757
146,1.5505293793365604,1.6045907679058256,0.9927983283996582,0.9927983283996582,0.9986906051635742,0.9927983283996582
147,1.5474365255871758,1.5635219869159518,0.9958847761154175,0.9958847761154175,0.9992517828941345,0.9958847761154175
148,1.5462443623386446,1.5642383666265578,0.9969135522842407,0.9969135522842407,0.9994388222694397,0.9969135522842407
149,1.5461530841764857,1.5685764834994362,0.9969135522842407,0.9969135522842407,0.9994388222694397,0.9969135522842407
150,1.546165593334886,1.5606395517076765,0.9969135522842407,0.9969135522842407,0.9994388222694397,0.9969135522842407
151,1.5459508309598828,1.590683034488133,0.9969135522842407,0.9969135522842407,0.9994388222694397,0.9969135522842407
152,1.5451261616144023,1.5630909545081002,0.9979423880577087,0.9979423880577087,0.9996258616447449,0.9979423880577087
153,1.5496458811838119,1.5600334519431704,0.9927983283996582,0.9927983283996582,0.9986906051635742,0.9927983283996582
154,1.5491573419727263,1.5574636516116915,0.9938271641731262,0.9938271641731262,0.9988776445388794,0.9938271641731262
155,1.5521366537594405,1.5682424761000133,0.991769552230835,0.991769552230835,0.998503565788269,0.991769552230835
156,1.5556187317019603,1.5626108192262196,0.9886831045150757,0.9886831045150757,0.9979423880577087,0.9886831045150757
157,1.5493977695214944,1.5629844268163045,0.9938271641731262,0.9938271641731262,0.9988776445388794,0.9938271641731262
158,1.5509609580039978,1.5624727294558571,0.991769552230835,0.991769552230835,0.998503565788269,0.991769552230835
159,1.550091178690801,1.5689440000624884,0.9927983283996582,0.9927983283996582,0.9986906051635742,0.9927983283996582
160,1.5548425854229537,1.5755066531045097,0.9876543283462524,0.9876543283462524,0.9977553486824036,0.9876543283462524
161,1.551094913091816,1.574396638643174,0.991769552230835,0.991769552230835,0.998503565788269,0.991769552230835
162,1.550847254815649,1.5695946613947551,0.9927983283996582,0.9927983283996582,0.9986906051635742,0.9927983283996582
163,1.5457043667308619,1.5542662597837902,0.9969135522842407,0.9969135522842407,0.9994388222694397,0.9969135522842407
164,1.5479430624696076,1.5539661645889282,0.9958847761154175,0.9958847761154175,0.9992517828941345,0.9958847761154175
165,1.552821174019673,1.562154009228661,0.9907407164573669,0.9907407164573669,0.9983165264129639,0.9907407164573669
166,1.548158875254334,1.5592017003468104,0.9958847761154175,0.9958847761154175,0.9992517828941345,0.9958847761154175
167,1.5482814165412402,1.5575756913139707,0.9948559403419495,0.9948559403419495,0.9990647435188293,0.9948559403419495
168,1.5482637677036348,1.5653858468646096,0.9948559403419495,0.9948559403419495,0.9990647435188293,0.9948559403419495
169,1.546595525546152,1.5594342890239896,0.9969135522842407,0.9969135522842407,0.9994388222694397,0.9969135522842407
170,1.5443225004633918,1.5557224750518799,0.998971164226532,0.998971164226532,0.9998129606246948,0.998971164226532
171,1.5441111873407833,1.555735321271987,0.998971164226532,0.998971164226532,0.9998129606246948,0.998971164226532
172,1.5442693028293673,1.557140174366179,0.998971164226532,0.998971164226532,0.9998129606246948,0.998971164226532
173,1.5440930880484034,1.552040701820737,0.998971164226532,0.998971164226532,0.9998129606246948,0.998971164226532
174,1.545566626259538,1.5519736324037825,0.9969135522842407,0.9969135522842407,0.9994388222694397,0.9969135522842407
175,1.5450670367381611,1.5501475163868494,0.9979423880577087,0.9979423880577087,0.9996258616447449,0.9979423880577087
176,1.5515538366114507,1.5606983105341594,0.9927983283996582,0.9927983283996582,0.9986906051635742,0.9927983283996582
177,1.5441534665764356,1.5589815775553386,0.998971164226532,0.998971164226532,0.9998129606246948,0.998971164226532
178,1.544187620037892,1.552547574043274,0.998971164226532,0.998971164226532,0.9998129606246948,0.998971164226532
179,1.5521528300691823,1.5629786820638747,0.9938271641731262,0.9938271641731262,0.9988776445388794,0.9938271641731262
180,1.5503134473425444,1.565801154999506,0.9938271641731262,0.9938271641731262,0.9988776445388794,0.9938271641731262
181,1.5523333236819408,1.5678520032337733,0.991769552230835,0.991769552230835,0.998503565788269,0.991769552230835
182,1.5509572674016483,1.566523722239903,0.991769552230835,0.991769552230835,0.998503565788269,0.991769552230835
183,1.5463489323365884,1.5660059452056885,0.9969135522842407,0.9969135522842407,0.9994388222694397,0.9969135522842407
184,1.5488132218845556,1.5719155073165894,0.9948559403419495,0.9948559403419495,0.9990647435188293,0.9948559403419495
185,1.5445279654909352,1.5666196175983973,0.998971164226532,0.998971164226532,0.9998129606246948,0.998971164226532
186,1.5491294763127312,1.5602283477783203,0.9938271641731262,0.9938271641731262,0.9988776445388794,0.9938271641731262
187,1.5442875379421672,1.5603268714178176,0.998971164226532,0.998971164226532,0.9998129606246948,0.998971164226532
188,1.5451860310601406,1.5652387085415067,0.9979423880577087,0.9979423880577087,0.9996258616447449,0.9979423880577087
189,1.5457796649854691,1.5697594029562814,0.9969135522842407,0.9969135522842407,0.9994388222694397,0.9969135522842407
190,1.5451853851803015,1.6096075092043196,0.9979423880577087,0.9979423880577087,0.9996258616447449,0.9979423880577087
191,1.5441709600511144,1.5674956809906733,0.998971164226532,0.998971164226532,0.9998129606246948,0.998971164226532
192,1.5436261794606194,1.5579235440208798,1.0,1.0,1.0,1.0
193,1.545964469675158,1.5752345437095279,0.998971164226532,0.998971164226532,0.9998129606246948,0.998971164226532
194,1.5467228899236585,1.5673128707068307,0.9958847761154175,0.9958847761154175,0.9992517828941345,0.9958847761154175
195,1.5495285997625257,1.5619683492751348,0.9958847761154175,0.9958847761154175,0.9992517828941345,0.9958847761154175
196,1.5523199341336236,1.5645495369320823,0.9897119402885437,0.9897119402885437,0.9981294274330139,0.9897119402885437
197,1.5454846278565828,1.5714164574940999,0.9979423880577087,0.9979423880577087,0.9996258616447449,0.9979423880577087
198,1.5447589950483354,1.5611774183454967,0.998971164226532,0.998971164226532,0.9998129606246948,0.998971164226532
199,1.5472349524497986,1.6142834424972534,0.9958847761154175,0.9958847761154175,0.9992517828941345,0.9958847761154175
200,1.5443238361937102,1.5755424556278048,0.998971164226532,0.998971164226532,0.9998129606246948,0.998971164226532
201,1.5450245122440527,1.5661639372507732,0.9979423880577087,0.9979423880577087,0.9996258616447449,0.9979423880577087
202,1.5441001897952595,1.563368320465088,0.998971164226532,0.998971164226532,0.9998129606246948,0.998971164226532
203,1.544072476566815,1.5613900820414226,0.998971164226532,0.998971164226532,0.9998129606246948,0.998971164226532
204,1.5440960243100026,1.561005955650693,0.998971164226532,0.998971164226532,0.9998129606246948,0.998971164226532
205,1.547076187172874,1.5773710580099196,0.9969135522842407,0.9969135522842407,0.9994388222694397,0.9969135522842407
206,1.5485142918883776,1.572944817088899,0.9948559403419495,0.9948559403419495,0.9990647435188293,0.9948559403419495
207,1.5445342708806522,1.5725989455268496,0.998971164226532,0.998971164226532,0.9998129606246948,0.998971164226532
208,1.5466331214201254,1.592899067061288,0.9969135522842407,0.9969135522842407,0.9994388222694397,0.9969135522842407
209,1.548989432757018,1.575909694035848,0.9948559403419495,0.9948559403419495,0.9990647435188293,0.9948559403419495
210,1.551816035489567,1.5642298176175071,0.9907407164573669,0.9907407164573669,0.9983165264129639,0.9907407164573669
211,1.5555484705283993,1.5768547512236095,0.9897119402885437,0.9897119402885437,0.9981294274330139,0.9897119402885437
212,1.5517159866504981,1.5631804295948573,0.991769552230835,0.991769552230835,0.998503565788269,0.991769552230835
213,1.545781352480904,1.558749488421849,0.9979423880577087,0.9979423880577087,0.9996258616447449,0.9979423880577087
214,1.545194923877716,1.5639716954458327,0.9979423880577087,0.9979423880577087,0.9996258616447449,0.9979423880577087
215,1.5447801771711132,1.5603551183428084,0.9979423880577087,0.9979423880577087,0.9996258616447449,0.9979423880577087
216,1.5444454013324174,1.5607397442772275,0.998971164226532,0.998971164226532,0.9998129606246948,0.998971164226532
217,1.5442408108320393,1.562171152659825,0.998971164226532,0.998971164226532,0.9998129606246948,0.998971164226532
218,1.5450770864721204,1.5635630289713542,0.9979423880577087,0.9979423880577087,0.9996258616447449,0.9979423880577087
219,1.5441093161457875,1.5863883608863467,0.998971164226532,0.998971164226532,0.9998129606246948,0.998971164226532
220,1.546721592301228,1.556765113558088,0.9958847761154175,0.9958847761154175,0.9992517828941345,0.9958847761154175
221,1.5468448664321275,1.573152156103225,0.9958847761154175,0.9958847761154175,0.9992517828941345,0.9958847761154175
222,1.5444136144684963,1.5631928727740334,0.998971164226532,0.998971164226532,0.9998129606246948,0.998971164226532
223,1.5442296745347195,1.5615952866418021,0.998971164226532,0.998971164226532,0.9998129606246948,0.998971164226532
224,1.5442328189240127,1.5724281469980876,0.998971164226532,0.998971164226532,0.9998129606246948,0.998971164226532
225,1.5463304138574443,1.5688069491159349,0.9969135522842407,0.9969135522842407,0.9994388222694397,0.9969135522842407
226,1.544755289789106,1.5672251837594169,0.998971164226532,0.998971164226532,0.9998129606246948,0.998971164226532
227,1.5507449077778175,1.5676316931134178,0.991769552230835,0.991769552230835,0.998503565788269,0.991769552230835
228,1.5456913807353034,1.5547556423005604,0.9979423880577087,0.9979423880577087,0.9996258616447449,0.9979423880577087
229,1.547021833599591,1.565542601403736,0.9958847761154175,0.9958847761154175,0.9992517828941345,0.9958847761154175
230,1.5490105298698926,1.5810359262284779,0.9948559403419495,0.9948559403419495,0.9990647435188293,0.9948559403419495
231,1.5505169170801756,1.5670234929947626,0.991769552230835,0.991769552230835,0.998503565788269,0.991769552230835
232,1.544321777390652,1.5737536805016654,0.998971164226532,0.998971164226532,0.9998129606246948,0.998971164226532
233,1.5464698222816968,1.5630765869503929,0.9969135522842407,0.9969135522842407,0.9994388222694397,0.9969135522842407
234,1.544167935848236,1.5617115270523798,1.0,1.0,1.0,1.0
235,1.562297272877615,1.5627339680989583,0.9825102686882019,0.9825102686882019,0.9968200325965881,0.9825102686882019
236,1.551919601979803,1.5649204708281017,0.991769552230835,0.991769552230835,0.998503565788269,0.991769552230835
237,1.5482239889316871,1.5514215514773415,0.9958847761154175,0.9958847761154175,0.9992517828941345,0.9958847761154175
238,1.547470383956784,1.5563664663405645,0.9948559403419495,0.9948559403419495,0.9990647435188293,0.9948559403419495
239,1.5463725533641752,1.5523217178526378,0.9979423880577087,0.9979423880577087,0.9996258616447449,0.9979423880577087
240,1.5465895748529277,1.5614458719889324,0.9969135522842407,0.9969135522842407,0.9994388222694397,0.9969135522842407
241,1.5479858312450472,1.5636107581002372,0.9948559403419495,0.9948559403419495,0.9990647435188293,0.9948559403419495
242,1.5479702382791238,1.5639703954969133,0.9958847761154175,0.9958847761154175,0.9992517828941345,0.9958847761154175
243,1.5475884832319666,1.5666558969588507,0.9958847761154175,0.9958847761154175,0.9992517828941345,0.9958847761154175
244,1.5461079830028972,1.5524979262124925,0.9969135522842407,0.9969135522842407,0.9994388222694397,0.9969135522842407
245,1.5472452327853343,1.5686795030321394,0.9958847761154175,0.9958847761154175,0.9992517828941345,0.9958847761154175
246,1.544945984590249,1.5745598418372018,0.9979423880577087,0.9979423880577087,0.9996258616447449,0.9979423880577087
247,1.544257360403655,1.5679627373105003,0.998971164226532,0.998971164226532,0.9998129606246948,0.998971164226532
248,1.5443269239097346,1.566814354487828,0.998971164226532,0.998971164226532,0.9998129606246948,0.998971164226532
249,1.544193018655308,1.5539225283123197,0.998971164226532,0.998971164226532,0.9998129606246948,0.998971164226532
250,1.5440740516928375,1.5519685518173945,0.998971164226532,0.998971164226532,0.9998129606246948,0.998971164226532
251,1.5448581488406072,1.5560476666405088,0.998971164226532,0.998971164226532,0.9998129606246948,0.998971164226532
252,1.5441355206927314,1.5530180363428026,0.998971164226532,0.998971164226532,0.9998129606246948,0.998971164226532
253,1.5440771872880028,1.555834724789574,0.998971164226532,0.998971164226532,0.9998129606246948,0.998971164226532
254,1.544205825836932,1.557014096350897,0.998971164226532,0.998971164226532,0.9998129606246948,0.998971164226532
255,1.5440759473159664,1.5584017378943307,0.998971164226532,0.998971164226532,0.9998129606246948,0.998971164226532
256,1.544070764643247,1.5567790837514968,0.998971164226532,0.998971164226532,0.9998129606246948,0.998971164226532
257,1.5440744034579543,1.5573578562055315,0.998971164226532,0.998971164226532,0.9998129606246948,0.998971164226532
258,1.5440879640032033,1.5587327820914132,0.998971164226532,0.998971164226532,0.9998129606246948,0.998971164226532
259,1.5440732074565575,1.5582129955291748,0.998971164226532,0.998971164226532,0.9998129606246948,0.998971164226532
260,1.5440695764588528,1.558439436412993,0.998971164226532,0.998971164226532,0.9998129606246948,0.998971164226532
261,1.5452300456703687,1.5611531393868583,0.9979423880577087,0.9979423880577087,0.9996258616447449,0.9979423880577087
262,1.5493928790092468,1.5632460174106417,0.9938271641731262,0.9938271641731262,0.9988776445388794,0.9938271641731262
263,1.5441814612169735,1.5648229349227178,0.998971164226532,0.998971164226532,0.9998129606246948,0.998971164226532
264,1.5440693106807646,1.565298074767703,0.998971164226532,0.998971164226532,0.9998129606246948,0.998971164226532
265,1.5471865544553662,1.5583544572194417,0.9958847761154175,0.9958847761154175,0.9992517828941345,0.9958847761154175
266,1.5478811137011794,1.5699886253901891,0.9958847761154175,0.9958847761154175,0.9992517828941345,0.9958847761154175
267,1.5451695176421618,1.5660422415960402,0.9979423880577087,0.9979423880577087,0.9996258616447449,0.9979423880577087
268,1.5485680640720931,1.5553141151155745,0.9958847761154175,0.9958847761154175,0.9992517828941345,0.9958847761154175
269,1.5506417145494555,1.5676954700833274,0.9927983283996582,0.9927983283996582,0.9986906051635742,0.9927983283996582
270,1.5486532410637277,1.5667290801093692,0.9958847761154175,0.9958847761154175,0.9992517828941345,0.9958847761154175
271,1.54432247994376,1.5579969201769148,0.998971164226532,0.998971164226532,0.9998129606246948,0.998971164226532
272,1.544701527376644,1.5599741311300368,0.998971164226532,0.998971164226532,0.9998129606246948,0.998971164226532
273,1.5450951525422394,1.5576136793409074,0.9979423880577087,0.9979423880577087,0.9996258616447449,0.9979423880577087
274,1.5440721609553352,1.5571223610923404,0.998971164226532,0.998971164226532,0.9998129606246948,0.998971164226532
275,1.5432509867871393,1.5599626018887474,1.0,1.0,1.0,1.0
276,1.5431157145343843,1.557435881523859,1.0,1.0,1.0,1.0
277,1.5430672432555528,1.5576470920017786,1.0,1.0,1.0,1.0
278,1.543275306459333,1.565573283604213,1.0,1.0,1.0,1.0
279,1.5432237543043543,1.560096683956328,1.0,1.0,1.0,1.0
280,1.550485619756042,1.5817205962680636,0.9938271641731262,0.9938271641731262,0.9988776445388794,0.9938271641731262
281,1.5509370291819338,1.5594248544602167,0.991769552230835,0.991769552230835,0.998503565788269,0.991769552230835
282,1.5515762460036355,1.5633645057678223,0.991769552230835,0.991769552230835,0.998503565788269,0.991769552230835
283,1.5444094548459912,1.5672745136987596,0.998971164226532,0.998971164226532,0.9998129606246948,0.998971164226532
284,1.5457818332265636,1.5589489823295957,0.9969135522842407,0.9969135522842407,0.9994388222694397,0.9969135522842407
285,1.5447032852251021,1.572359840075175,0.9979423880577087,0.9979423880577087,0.9996258616447449,0.9979423880577087
286,1.545969343576275,1.5661155723390126,0.9969135522842407,0.9969135522842407,0.9994388222694397,0.9969135522842407
287,1.544165750018886,1.5615740049453009,0.998971164226532,0.998971164226532,0.9998129606246948,0.998971164226532
288,1.5451164108807924,1.5604029382978166,0.9979423880577087,0.9979423880577087,0.9996258616447449,0.9979423880577087
289,1.5446749710645833,1.5640137365886144,0.9979423880577087,0.9979423880577087,0.9996258616447449,0.9979423880577087
290,1.5440986674340045,1.5651981376466297,0.998971164226532,0.998971164226532,0.9998129606246948,0.998971164226532
291,1.5440843799075141,1.5716969399225145,0.998971164226532,0.998971164226532,0.9998129606246948,0.998971164226532
292,1.547760301926097,1.5709033069156466,0.9958847761154175,0.9958847761154175,0.9992517828941345,0.9958847761154175
293,1.5476807131141912,1.5609332606905983,0.9958847761154175,0.9958847761154175,0.9992517828941345,0.9958847761154175
294,1.5441563705928991,1.5637519984018236,0.998971164226532,0.998971164226532,0.9998129606246948,0.998971164226532
295,1.5442565415726333,1.569563207172212,0.998971164226532,0.998971164226532,0.9998129606246948,0.998971164226532
296,1.5440949475178953,1.5656939461117698,0.998971164226532,0.998971164226532,0.9998129606246948,0.998971164226532
297,1.5443754538160857,1.5556879724775041,0.998971164226532,0.998971164226532,0.9998129606246948,0.998971164226532
298,1.5440826386701865,1.5578864415486653,0.998971164226532,0.998971164226532,0.9998129606246948,0.998971164226532
299,1.5440714828303603,1.557435120855059,0.998971164226532,0.998971164226532,0.9998129606246948,0.998971164226532
300,1.544072434550426,1.5541403463908605,0.998971164226532,0.998971164226532,0.9998129606246948,0.998971164226532
301,1.5440681342218743,1.5554347549165999,0.998971164226532,0.998971164226532,0.9998129606246948,0.998971164226532
302,1.5454416978554648,1.5648523569107056,0.9979423880577087,0.9979423880577087,0.9996258616447449,0.9979423880577087
303,1.5449639070229453,1.5627153600965227,0.998971164226532,0.998971164226532,0.9998129606246948,0.998971164226532
304,1.5452319989438916,1.554735535667056,0.9979423880577087,0.9979423880577087,0.9996258616447449,0.9979423880577087
305,1.5440920571811865,1.5632976634161813,0.998971164226532,0.998971164226532,0.9998129606246948,0.998971164226532
306,1.5523339441565216,1.5677572375252133,0.9927983283996582,0.9927983283996582,0.9986906051635742,0.9927983283996582
307,1.55773562583767,1.563217770485651,0.9866254925727844,0.9866254925727844,0.9975682497024536,0.9866254925727844
308,1.5466410996483975,1.5625077656337194,0.9969135522842407,0.9969135522842407,0.9994388222694397,0.9969135522842407
309,1.5468155331298954,1.55799590973627,0.9969135522842407,0.9969135522842407,0.9994388222694397,0.9969135522842407
310,1.5444214607848497,1.5642269168581282,0.998971164226532,0.998971164226532,0.9998129606246948,0.998971164226532
311,1.5430533934812076,1.5628301870255243,1.0,1.0,1.0,1.0
312,1.543086426179917,1.5567790837514968,1.0,1.0,1.0,1.0
313,1.5430469903789583,1.555820101783389,1.0,1.0,1.0,1.0
314,1.5431467138352941,1.5535389582316081,1.0,1.0,1.0,1.0
315,1.5430426441255163,1.5523036548069544,1.0,1.0,1.0,1.0
316,1.5432068539447472,1.5581040325618924,1.0,1.0,1.0,1.0
317,1.543054976424233,1.5524409668786185,1.0,1.0,1.0,1.0
318,1.5458713066382486,1.5625934544063749,0.9969135522842407,0.9969135522842407,0.9994388222694397,0.9969135522842407
319,1.5452170733545647,1.5615257933026268,0.9979423880577087,0.9979423880577087,0.9996258616447449,0.9979423880577087
320,1.54416422570338,1.5573999087015789,0.998971164226532,0.998971164226532,0.9998129606246948,0.998971164226532
321,1.5440859521021608,1.5531343732561385,0.998971164226532,0.998971164226532,0.9998129606246948,0.998971164226532
322,1.5441025778895519,1.552134911219279,0.998971164226532,0.998971164226532,0.9998129606246948,0.998971164226532
323,1.5441822907963738,1.5574751297632854,0.998971164226532,0.998971164226532,0.9998129606246948,0.998971164226532
324,1.5455403240000616,1.560923627444676,0.9979423880577087,0.9979423880577087,0.9996258616447449,0.9979423880577087
325,1.5440793330552147,1.5592328082947504,0.998971164226532,0.998971164226532,0.9998129606246948,0.998971164226532
326,1.5440715199611226,1.5597020501182193,0.998971164226532,0.998971164226532,0.9998129606246948,0.998971164226532
327,1.5481953933590749,1.5853000254858107,0.9948559403419495,0.9948559403419495,0.9990647435188293,0.9948559403419495
328,1.556894266214527,1.565212266785758,0.9866254925727844,0.9866254925727844,0.9975682497024536,0.9866254925727844
329,1.5483296581956207,1.5542603844688052,0.9958847761154175,0.9958847761154175,0.9992517828941345,0.9958847761154175
330,1.5475573891499004,1.5544767039162772,0.9958847761154175,0.9958847761154175,0.9992517828941345,0.9958847761154175
331,1.5449319051914527,1.555063974289667,0.998971164226532,0.998971164226532,0.9998129606246948,0.998971164226532
332,1.5437987866948863,1.558317712375096,0.998971164226532,0.998971164226532,0.9998129606246948,0.998971164226532
333,1.5469801347763812,1.5576074293681554,0.9958847761154175,0.9958847761154175,0.9992517828941345,0.9958847761154175
334,1.5490115460802296,1.5609523625600905,0.9938271641731262,0.9938271641731262,0.9988776445388794,0.9938271641731262
335,1.5461865956666039,1.5602988061450778,0.9979423880577087,0.9979423880577087,0.9996258616447449,0.9979423880577087
336,1.5444470937134789,1.5605396770295643,0.998971164226532,0.998971164226532,0.9998129606246948,0.998971164226532
337,1.5451175814769307,1.5555663449423653,0.9979423880577087,0.9979423880577087,0.9996258616447449,0.9979423880577087
338,1.544788592174405,1.5610348553884597,0.998971164226532,0.998971164226532,0.9998129606246948,0.998971164226532
339,1.5471262433489814,1.5559477522259666,0.9958847761154175,0.9958847761154175,0.9992517828941345,0.9958847761154175
340,1.5451323556118324,1.558108165150597,0.9979423880577087,0.9979423880577087,0.9996258616447449,0.9979423880577087
341,1.5443359320280983,1.56170696303958,0.998971164226532,0.998971164226532,0.9998129606246948,0.998971164226532
342,1.5451831583116875,1.560146791594369,0.9979423880577087,0.9979423880577087,0.9996258616447449,0.9979423880577087
343,1.5443954799996047,1.5616233519145422,0.998971164226532,0.998971164226532,0.9998129606246948,0.998971164226532
344,1.544104067028546,1.556037465731303,0.998971164226532,0.998971164226532,0.9998129606246948,0.998971164226532
345,1.5440666538770083,1.5562825316474551,0.998971164226532,0.998971164226532,0.9998129606246948,0.998971164226532
346,1.5440670437500126,1.556508983884539,0.998971164226532,0.998971164226532,0.9998129606246948,0.998971164226532
347,1.544069570596101,1.555391782806033,0.998971164226532,0.998971164226532,0.9998129606246948,0.998971164226532
348,1.5440882776604323,1.5556516306740897,0.998971164226532,0.998971164226532,0.9998129606246948,0.998971164226532
349,1.5441165986608287,1.5503527323404949,0.998971164226532,0.998971164226532,0.9998129606246948,0.998971164226532
350,1.5440903784798794,1.5499911932718187,0.998971164226532,0.998971164226532,0.9998129606246948,0.998971164226532
351,1.5448052580239342,1.5756166321890694,0.998971164226532,0.998971164226532,0.9998129606246948,0.998971164226532
352,1.5565949131230838,1.5656247252509707,0.9876543283462524,0.9876543283462524,0.9977553486824036,0.9876543283462524
353,1.551994767345366,1.5725320066724504,0.9927983283996582,0.9927983283996582,0.9986906051635742,0.9927983283996582
354,1.5477544899846687,1.590366039957319,0.9958847761154175,0.9958847761154175,0.9992517828941345,0.9958847761154175
355,1.5431734450527879,1.5645363217308408,1.0,1.0,1.0,1.0
356,1.543082706263808,1.5595426900046212,1.0,1.0,1.0,1.0
357,1.5430733317234477,1.5569362753913516,1.0,1.0,1.0,1.0
358,1.5430603603847692,1.5570348728270758,1.0,1.0,1.0,1.0
359,1.5440592345644215,1.5579265015465873,0.998971164226532,0.998971164226532,0.9998129606246948,0.998971164226532
360,1.5430843126578409,1.561102339199611,1.0,1.0,1.0,1.0
361,1.5430427115471637,1.557430210567656,1.0,1.0,1.0,1.0
362,1.5432092234736583,1.5586044901893252,1.0,1.0,1.0,1.0
363,1.5430424457690755,1.5594563484191895,1.0,1.0,1.0,1.0
364,1.543044927667399,1.5588690553392683,1.0,1.0,1.0,1.0
365,1.5430879886033104,1.5562840075719924,1.0,1.0,1.0,1.0
366,1.543045132863717,1.5567282892408825,1.0,1.0,1.0,1.0
367,1.543049659885344,1.5586784850983393,1.0,1.0,1.0,1.0
368,1.5430442182744135,1.55620991616022,1.0,1.0,1.0,1.0
369,1.5430463552474976,1.5598290420713878,1.0,1.0,1.0,1.0
370,1.543053533210129,1.5584479456856137,1.0,1.0,1.0,1.0
371,1.5430460337732659,1.5588611364364624,1.0,1.0,1.0,1.0
372,1.543042106706588,1.5605926967802501,1.0,1.0,1.0,1.0
373,1.5430425600927384,1.556857636996678,1.0,1.0,1.0,1.0
374,1.5430423773703028,1.561887610526312,1.0,1.0,1.0,1.0
375,1.5430418702422595,1.5605516887846447,1.0,1.0,1.0,1.0
376,1.5431266954687775,1.5607571374802363,1.0,1.0,1.0,1.0
377,1.5444368358518257,1.5681094044730777,0.998971164226532,0.998971164226532,0.9998129606246948,0.998971164226532
378,1.5461061538242904,1.5781030427841913,0.9979423880577087,0.9979423880577087,0.9996258616447449,0.9979423880577087
379,1.5532666298209643,1.6213416031428747,0.9886831045150757,0.9886831045150757,0.9979423880577087,0.9886831045150757
380,1.5527917938154252,1.5970546063922701,0.9897119402885437,0.9897119402885437,0.9981294274330139,0.9897119402885437
381,1.545419719375548,1.5633875074840726,0.998971164226532,0.998971164226532,0.9998129606246948,0.998971164226532
382,1.5441992742116335,1.5611985808327085,0.998971164226532,0.998971164226532,0.9998129606246948,0.998971164226532
383,1.5442555536989306,1.5611835320790608,0.998971164226532,0.998971164226532,0.9998129606246948,0.998971164226532
384,1.5443198407282595,1.5612904628117878,0.998971164226532,0.998971164226532,0.9998129606246948,0.998971164226532
385,1.5440705662868062,1.560663836342948,0.998971164226532,0.998971164226532,0.9998129606246948,0.998971164226532
386,1.54408597946167,1.5609810182026453,0.998971164226532,0.998971164226532,0.9998129606246948,0.998971164226532
387,1.5442700366504858,1.5608636481421334,0.998971164226532,0.998971164226532,0.9998129606246948,0.998971164226532
388,1.5441023814873618,1.5613873572576613,0.998971164226532,0.998971164226532,0.9998129606246948,0.998971164226532
389,1.5440890232070548,1.561217222894941,0.998971164226532,0.998971164226532,0.9998129606246948,0.998971164226532
390,1.544046835821183,1.560964924948556,0.998971164226532,0.998971164226532,0.9998129606246948,0.998971164226532
391,1.5441130145651396,1.563410651116144,0.998971164226532,0.998971164226532,0.9998129606246948,0.998971164226532
392,1.5440541730552424,1.5622335502079554,0.998971164226532,0.998971164226532,0.9998129606246948,0.998971164226532
393,1.5440321418105578,1.5646830399831135,0.998971164226532,0.998971164226532,0.9998129606246948,0.998971164226532
394,1.5440711281338677,1.5661580165227253,0.998971164226532,0.998971164226532,0.9998129606246948,0.998971164226532
395,1.5440779211091213,1.5631391264143444,0.998971164226532,0.998971164226532,0.9998129606246948,0.998971164226532
396,1.5440751284849448,1.5634397722425915,0.998971164226532,0.998971164226532,0.9998129606246948,0.998971164226532
397,1.5440776973474222,1.561648618607294,0.998971164226532,0.998971164226532,0.9998129606246948,0.998971164226532
398,1.54406986959645,1.5611368247440882,0.998971164226532,0.998971164226532,0.9998129606246948,0.998971164226532
399,1.5439927353233587,1.5612025885354905,0.998971164226532,0.998971164226532,0.9998129606246948,0.998971164226532
400,1.543062633178273,1.5614444528307234,1.0,1.0,1.0,1.0
401,1.5430417891408577,1.5606939452035087,1.0,1.0,1.0,1.0
402,1.5431393414247232,1.5635693073272705,1.0,1.0,1.0,1.0
403,1.5546040574058158,1.5767660424822854,0.9907407164573669,0.9907407164573669,0.9983165264129639,0.9907407164573669
404,1.5497146317216217,1.5787401369639806,0.9938271641731262,0.9938271641731262,0.9988776445388794,0.9938271641731262
405,1.546424014646499,1.5716840085529147,0.9969135522842407,0.9969135522842407,0.9994388222694397,0.9969135522842407
406,1.5431556164241227,1.5662038780394054,1.0,1.0,1.0,1.0
407,1.5431406957204226,1.5635178089141846,1.0,1.0,1.0,1.0
408,1.545480353910415,1.5659487871896653,0.998971164226532,0.998971164226532,0.9998129606246948,0.998971164226532
409,1.5467835635435385,1.567856953257606,0.9958847761154175,0.9958847761154175,0.9992517828941345,0.9958847761154175
410,1.5464221258632471,1.5603217738015311,0.9969135522842407,0.9969135522842407,0.9994388222694397,0.9969135522842407
411,1.5432319797453333,1.574419418970744,1.0,1.0,1.0,1.0
412,1.545448004222307,1.5697566270828247,0.9979423880577087,0.9979423880577087,0.9996258616447449,0.9979423880577087
413,1.5513445373441352,1.5831904241016932,0.991769552230835,0.991769552230835,0.998503565788269,0.991769552230835
414,1.548489013656241,1.5504726682390486,0.9958847761154175,0.9958847761154175,0.9992517828941345,0.9958847761154175
415,1.54534128454865,1.561282265753973,0.9979423880577087,0.9979423880577087,0.9996258616447449,0.9979423880577087
416,1.5450698928754838,1.5594684055873327,0.9979423880577087,0.9979423880577087,0.9996258616447449,0.9979423880577087
417,1.5454711210532266,1.5624825273241316,0.9979423880577087,0.9979423880577087,0.9996258616447449,0.9979423880577087
418,1.5442372189193476,1.5654897973650979,0.998971164226532,0.998971164226532,0.9998129606246948,0.998971164226532
419,1.5432267110855853,1.570377786954244,1.0,1.0,1.0,1.0
420,1.5440191265012397,1.5580273469289143,0.998971164226532,0.998971164226532,0.9998129606246948,0.998971164226532
421,1.543061378549357,1.5565263714109148,1.0,1.0,1.0,1.0
422,1.5430854852082299,1.5562733184723627,1.0,1.0,1.0,1.0
423,1.5430469649736998,1.557515303293864,1.0,1.0,1.0,1.0
424,1.5430862444346067,1.5556262788318453,1.0,1.0,1.0,1.0
425,1.5430415653791585,1.556415591921125,1.0,1.0,1.0,1.0
426,1.543053328013811,1.5556265399569558,1.0,1.0,1.0,1.0
427,1.5430428981781006,1.5556385687419347,1.0,1.0,1.0,1.0
428,1.5432456399573655,1.5587101323263985,1.0,1.0,1.0,1.0
429,1.5434978457747912,1.57285171463376,1.0,1.0,1.0,1.0
430,1.548255802177992,1.5615071569170271,0.9948559403419495,0.9948559403419495,0.9990647435188293,0.9948559403419495
431,1.5460002461417777,1.5723763761066256,0.9958847761154175,0.9958847761154175,0.9992517828941345,0.9958847761154175
432,1.548375949507854,1.575179940178281,0.9938271641731262,0.9938271641731262,0.9988776445388794,0.9938271641731262
433,1.5446242318778742,1.5758008162180583,0.998971164226532,0.998971164226532,0.9998129606246948,0.998971164226532
434,1.5447458282845918,1.5697350785845803,0.998971164226532,0.998971164226532,0.9998129606246948,0.998971164226532
435,1.5439607999363885,1.5651012942904519,0.998971164226532,0.998971164226532,0.9998129606246948,0.998971164226532
436,1.543277491311558,1.5631576038542248,1.0,1.0,1.0,1.0
437,1.543085835019096,1.5957738274619693,1.0,1.0,1.0,1.0
438,1.5430465653294423,1.5630833364668346,1.0,1.0,1.0,1.0
439,1.5430426050405033,1.5617968581971668,1.0,1.0,1.0,1.0
440,1.5430584061341208,1.5654095524833316,1.0,1.0,1.0,1.0
441,1.5430578560125632,1.5621208122798376,1.0,1.0,1.0,1.0
442,1.5430434101917705,1.562113875434512,1.0,1.0,1.0,1.0
443,1.5449831857055913,1.588406761487325,0.9979423880577087,0.9979423880577087,0.9996258616447449,0.9979423880577087
444,1.5486648082733154,1.5672000703357516,0.9948559403419495,0.9948559403419495,0.9990647435188293,0.9948559403419495
445,1.5438360835685105,1.5712971914382208,1.0,1.0,1.0,1.0
446,1.5439814290062326,1.555237435159229,0.998971164226532,0.998971164226532,0.9998129606246948,0.998971164226532
447,1.5482822080127527,1.5645753599348522,0.9948559403419495,0.9948559403419495,0.9990647435188293,0.9948559403419495
448,1.5430538898608723,1.5641137191227503,1.0,1.0,1.0,1.0
449,1.5457848994458308,1.5650510220300584,0.9969135522842407,0.9969135522842407,0.9994388222694397,0.9969135522842407
450,1.546436954717167,1.5611494438988822,0.9969135522842407,0.9969135522842407,0.9994388222694397,0.9969135522842407
451,1.5440928642867042,1.5598886353628976,0.998971164226532,0.998971164226532,0.9998129606246948,0.998971164226532
452,1.544074743497567,1.5616205306280226,0.998971164226532,0.998971164226532,0.9998129606246948,0.998971164226532
453,1.5440711379051208,1.560560703277588,0.998971164226532,0.998971164226532,0.9998129606246948,0.998971164226532
454,1.5442648520235156,1.5692079975491477,0.998971164226532,0.998971164226532,0.9998129606246948,0.998971164226532
455,1.543174494485386,1.5614279054460072,1.0,1.0,1.0,1.0
456,1.5430865991310996,1.5610706352052235,1.0,1.0,1.0,1.0
457,1.5430426587823962,1.5583837089084445,1.0,1.0,1.0,1.0
458,1.543041181368906,1.5573613132749284,1.0,1.0,1.0,1.0
459,1.543091968434756,1.5585124379112607,1.0,1.0,1.0,1.0
460,1.5430526332777055,1.5615608124505906,1.0,1.0,1.0,1.0
461,1.5430408852999327,1.5616896549860637,1.0,1.0,1.0,1.0
462,1.5430457093676582,1.5601349841980707,1.0,1.0,1.0,1.0
463,1.5430449257131482,1.5601239885602678,1.0,1.0,1.0,1.0
464,1.5430427975341923,1.560559176263355,1.0,1.0,1.0,1.0
465,1.5430416533204376,1.5974351848874773,1.0,1.0,1.0,1.0
466,1.5430408765058048,1.5624014139175415,1.0,1.0,1.0,1.0
467,1.5430413123036995,1.5651399691899617,1.0,1.0,1.0,1.0
468,1.543040931224823,1.5614776157197499,1.0,1.0,1.0,1.0
469,1.5430411413067677,1.5576491412662326,1.0,1.0,1.0,1.0
470,1.543040867711677,1.5605342558452062,1.0,1.0,1.0,1.0
471,1.5430422435041333,1.5597753411247617,1.0,1.0,1.0,1.0
472,1.54304102796023,1.5598518564587547,1.0,1.0,1.0,1.0
473,1.5430409224306951,1.5607317913146246,1.0,1.0,1.0,1.0
474,1.5430411471695196,1.5623253470375424,1.0,1.0,1.0,1.0
475,1.5430427848315629,1.5588502202715193,1.0,1.0,1.0,1.0
476,1.543041753964346,1.5575074127742223,1.0,1.0,1.0,1.0
477,1.5430408159240347,1.591248597417559,1.0,1.0,1.0,1.0
478,1.5430408667345517,1.5610457488468714,1.0,1.0,1.0,1.0
479,1.543042471174334,1.5600572200048537,1.0,1.0,1.0,1.0
480,1.5430418624252569,1.5616132531847273,1.0,1.0,1.0,1.0
481,1.5430422053962458,1.5580737250191825,1.0,1.0,1.0,1.0
482,1.5430420852098308,1.560351672626677,1.0,1.0,1.0,1.0
483,1.543064504373269,1.5627360627764748,1.0,1.0,1.0,1.0
484,1.543042025605186,1.5617708024524508,1.0,1.0,1.0,1.0
485,1.5430457855834336,1.5601575147537958,1.0,1.0,1.0,1.0
486,1.5430406937833692,1.5600217524028959,1.0,1.0,1.0,1.0
487,1.5430452247134974,1.5609230257215954,1.0,1.0,1.0,1.0
488,1.5430406400414765,1.5603001912434895,1.0,1.0,1.0,1.0
489,1.543045853005081,1.5613975581668673,1.0,1.0,1.0,1.0
490,1.543040942950327,1.5621684392293294,1.0,1.0,1.0,1.0
491,1.5430413787482216,1.5600878113792056,1.0,1.0,1.0,1.0
492,1.5430408208096613,1.5614889746620542,1.0,1.0,1.0,1.0
493,1.543041492094759,1.5609979515983945,1.0,1.0,1.0,1.0
494,1.5430410387086086,1.5601153033120292,1.0,1.0,1.0,1.0
495,1.5430425903836236,1.560914743514288,1.0,1.0,1.0,1.0
496,1.543040623430346,1.5599812609808785,1.0,1.0,1.0,1.0
497,1.5430407016003718,1.5588580824079967,1.0,1.0,1.0,1.0
498,1.5430407973586535,1.5587077935536702,1.0,1.0,1.0,1.0
499,1.5430420197424342,1.558659593264262,1.0,1.0,1.0,1.0
